Length,Diameter,Height,Whole weight,Shucked weight,Viscera weight,Shell weight,Rings,Sex_I,Sex_M,sampleNum
0.53,0.42,0.185,0.752,0.299,0.156,0.205,20,True,False,530
0.4,0.265,0.1,0.2775,0.1245,0.0605,0.08,9,True,False,3535
0.44,0.35,0.125,0.456,0.21,0.0955,0.131,8,True,False,3439
0.615,0.525,0.155,1.1375,0.367,0.236,0.37,20,False,True,756
0.615,0.475,0.13,0.8425,0.353,0.1915,0.251,8,True,False,1493
0.635,0.485,0.165,1.2695,0.5635,0.3065,0.3395,11,False,False,1943
0.5,0.38,0.12,0.5765,0.273,0.135,0.145,9,False,True,2648
0.64,0.51,0.2,1.3905,0.61,0.3315,0.41,12,False,False,2159
0.255,0.18,0.065,0.079,0.034,0.014,0.025,5,False,True,650
0.535,0.405,0.14,0.7315,0.336,0.156,0.19,7,False,True,3657
0.625,0.47,0.145,1.7855,0.675,0.247,0.3245,13,False,True,4052
0.55,0.45,0.145,0.741,0.295,0.1435,0.2665,10,False,False,141
0.38,0.275,0.095,0.2425,0.106,0.0485,0.21,6,True,False,3814
0.505,0.41,0.135,0.657,0.291,0.133,0.195,15,False,False,3177
0.495,0.4,0.155,0.6445,0.242,0.1325,0.205,17,False,False,287
0.71,0.54,0.165,1.959,0.7665,0.261,0.78,18,False,True,129
0.55,0.42,0.17,0.8465,0.336,0.2405,0.245,13,False,True,3145
0.665,0.5,0.17,1.2975,0.6035,0.291,0.3595,9,True,False,1184
0.35,0.275,0.065,0.205,0.0745,0.0465,0.07,10,False,False,3938
0.37,0.295,0.1,0.2685,0.1165,0.056,0.0835,7,False,False,3180
0.575,0.46,0.165,1.124,0.2985,0.1785,0.44,13,False,False,159
0.535,0.46,0.145,0.7875,0.3395,0.2005,0.2,8,False,False,2220
0.675,0.505,0.16,1.532,0.74,0.357,0.3815,11,False,True,3131
0.635,0.495,0.15,1.081,0.4825,0.242,0.31,11,False,True,2354
0.68,0.52,0.195,1.4535,0.592,0.391,0.4125,10,False,True,1741
0.63,0.515,0.17,1.385,0.6355,0.2955,0.38,11,False,True,3618
0.445,0.35,0.13,0.4195,0.1695,0.0945,0.1195,7,True,False,932
0.71,0.56,0.22,2.015,0.9215,0.454,0.566,11,False,True,1752
0.72,0.585,0.22,1.914,0.9155,0.448,0.479,11,False,True,2087
0.5,0.38,0.125,0.577,0.269,0.1265,0.1535,9,False,True,4167
0.475,0.395,0.135,0.592,0.2465,0.1645,0.2,13,False,True,2327
0.71,0.545,0.175,1.907,0.8725,0.4565,0.475,11,False,False,4104
0.64,0.48,0.145,1.1145,0.508,0.24,0.34,10,False,False,1950
0.545,0.43,0.15,0.742,0.3525,0.158,0.208,10,True,False,2897
0.58,0.49,0.195,1.3165,0.5305,0.254,0.41,18,True,False,658
0.54,0.415,0.13,0.8245,0.272,0.226,0.24,13,False,True,2469
0.6,0.465,0.2,1.259,0.6405,0.1985,0.357,9,False,True,1488
0.575,0.455,0.16,0.9895,0.495,0.195,0.246,9,True,False,2904
0.62,0.47,0.15,1.309,0.587,0.4405,0.325,9,False,True,1934
0.53,0.415,0.16,0.783,0.2935,0.158,0.245,15,False,False,229
0.415,0.325,0.1,0.385,0.167,0.08,0.125,7,True,False,2298
0.57,0.45,0.14,0.795,0.3385,0.148,0.245,9,False,True,1627
0.6,0.495,0.185,1.1145,0.5055,0.2635,0.367,11,False,True,2783
0.56,0.46,0.18,0.97,0.342,0.196,0.355,12,False,False,3891
0.25,0.19,0.06,0.0765,0.036,0.0115,0.0245,6,True,False,717
0.59,0.47,0.17,0.9,0.355,0.1905,0.25,11,False,False,2340
0.56,0.43,0.15,0.8825,0.3465,0.172,0.31,9,False,False,118
0.56,0.415,0.145,0.852,0.43,0.1885,0.205,8,False,True,1129
0.4,0.31,0.1,0.2875,0.1145,0.0635,0.095,10,True,False,2320
0.565,0.435,0.185,1.032,0.354,0.2045,0.31,20,False,True,3193
0.255,0.195,0.055,0.0725,0.0285,0.017,0.021,4,True,False,2813
0.55,0.425,0.135,0.8515,0.362,0.196,0.27,14,False,False,41
0.62,0.47,0.225,1.115,0.378,0.2145,0.36,15,False,False,502
0.615,0.47,0.15,1.0875,0.4975,0.283,0.2685,9,False,True,1927
0.25,0.18,0.06,0.073,0.028,0.017,0.0225,5,True,False,2456
0.615,0.495,0.155,1.0805,0.52,0.19,0.32,9,False,False,4136
0.65,0.515,0.125,1.1805,0.5235,0.283,0.3275,9,False,True,2692
0.715,0.565,0.24,2.1995,0.7245,0.465,0.885,17,False,False,2161
0.6,0.46,0.15,1.247,0.5335,0.2735,0.29,9,False,True,2598
0.27,0.195,0.065,0.1065,0.0475,0.0225,0.0285,5,True,False,2037
0.405,0.315,0.105,0.347,0.1605,0.0785,0.1,9,True,False,2284
0.34,0.265,0.07,0.185,0.0625,0.0395,0.07,7,True,False,2554
0.32,0.255,0.1,0.1755,0.073,0.0415,0.065,7,True,False,326
0.325,0.27,0.1,0.185,0.08,0.0435,0.065,6,True,False,2290
0.59,0.48,0.16,1.262,0.5685,0.2725,0.335,9,False,True,2526
0.68,0.55,0.19,1.807,0.8225,0.3655,0.515,11,False,False,3959
0.665,0.515,0.2,1.2695,0.5115,0.2675,0.436,12,False,True,1967
0.54,0.425,0.13,0.8155,0.3675,0.1365,0.246,11,True,False,2894
0.525,0.395,0.165,0.782,0.285,0.1405,0.285,19,False,True,3865
0.58,0.45,0.12,0.8685,0.418,0.1475,0.2605,8,False,True,2072
0.385,0.3,0.1,0.2725,0.1115,0.057,0.08,6,False,False,3201
0.66,0.535,0.205,1.4415,0.5925,0.2775,0.49,10,False,False,1964
0.51,0.4,0.13,0.5735,0.219,0.1365,0.195,13,False,False,639
0.315,0.23,0.07,0.1145,0.046,0.0235,0.0385,5,True,False,1218
0.465,0.37,0.12,0.4365,0.188,0.0815,0.147,9,True,False,1566
0.6,0.475,0.17,1.1315,0.508,0.272,0.309,10,False,True,1352
0.53,0.385,0.125,0.6695,0.289,0.151,0.18,10,False,False,2428
0.535,0.39,0.125,0.599,0.2595,0.149,0.169,9,True,False,1118
0.59,0.49,0.165,1.207,0.559,0.235,0.309,10,False,True,1648
0.3,0.22,0.065,0.1195,0.052,0.0155,0.035,5,True,False,3633
0.53,0.405,0.15,0.8315,0.352,0.187,0.2525,10,False,True,2892
0.5,0.385,0.135,0.6425,0.3195,0.129,0.1535,7,False,True,959
0.6,0.48,0.175,1.229,0.4125,0.2735,0.415,13,False,True,2235
0.58,0.455,0.13,0.852,0.41,0.1725,0.225,8,False,True,2666
0.52,0.4,0.145,0.66,0.267,0.1055,0.22,13,True,False,559
0.595,0.485,0.145,1.2515,0.5035,0.2925,0.33,14,False,False,3262
0.695,0.545,0.185,1.5715,0.6645,0.3835,0.4505,13,False,True,1976
0.655,0.525,0.19,1.3595,0.564,0.3215,0.3985,10,False,False,1404
0.34,0.255,0.085,0.204,0.097,0.021,0.05,6,False,False,3159
0.495,0.39,0.125,0.6655,0.284,0.162,0.2,11,True,False,585
0.45,0.35,0.145,0.5425,0.1765,0.123,0.175,13,False,False,669
0.55,0.45,0.14,0.753,0.3445,0.1325,0.24,8,True,False,3662
0.59,0.475,0.16,0.9455,0.3815,0.184,0.27,19,False,True,2351
0.345,0.265,0.09,0.163,0.0615,0.037,0.0485,10,False,True,3325
0.525,0.4,0.13,0.6445,0.345,0.1285,0.2,8,True,False,2756
0.515,0.395,0.135,1.007,0.472,0.2495,0.252,8,False,True,1781
0.375,0.245,0.1,0.394,0.166,0.091,0.1125,6,True,False,1765
0.415,0.325,0.115,0.3285,0.1405,0.051,0.106,12,True,False,2378
0.53,0.4,0.145,0.555,0.1935,0.1305,0.195,9,True,False,1598
0.65,0.515,0.195,1.4005,0.5195,0.36,0.44,13,False,False,2200
0.515,0.395,0.125,0.6635,0.32,0.14,0.17,8,True,False,1587
0.565,0.455,0.17,0.9065,0.342,0.156,0.32,18,False,True,432
0.275,0.2,0.075,0.086,0.0305,0.019,0.03,7,True,False,2227
0.59,0.465,0.15,0.997,0.392,0.246,0.34,12,False,False,361
0.435,0.335,0.1,0.3295,0.129,0.07,0.11,7,True,False,1559
0.525,0.425,0.16,0.8355,0.3545,0.2135,0.245,9,False,False,49
0.485,0.38,0.125,0.5215,0.2215,0.118,0.16,8,True,False,2745
0.61,0.49,0.16,1.112,0.465,0.228,0.341,10,False,True,2033
0.415,0.305,0.1,0.325,0.156,0.0505,0.091,6,False,True,830
0.65,0.545,0.175,1.5245,0.59,0.326,0.495,10,False,False,1510
0.56,0.455,0.165,0.86,0.4015,0.1695,0.245,11,False,True,2337
0.265,0.205,0.07,0.1055,0.039,0.041,0.035,5,True,False,323
0.66,0.5,0.165,1.3195,0.667,0.269,0.341,9,False,True,1725
0.505,0.385,0.115,0.616,0.243,0.1075,0.21,11,False,False,2093
0.76,0.605,0.215,2.173,0.801,0.4915,0.646,13,False,True,1985
0.44,0.34,0.105,0.344,0.123,0.081,0.125,8,True,False,3638
0.47,0.375,0.13,0.523,0.214,0.132,0.145,8,False,True,97
0.33,0.23,0.085,0.1695,0.079,0.026,0.0505,6,True,False,3525
0.595,0.465,0.175,1.115,0.4015,0.254,0.39,13,False,True,92
0.605,0.495,0.19,1.437,0.469,0.2655,0.41,15,False,False,757
0.28,0.12,0.075,0.117,0.0455,0.029,0.0345,4,True,False,898
0.47,0.355,0.12,0.4915,0.1765,0.1125,0.1325,9,True,False,3723
0.505,0.39,0.13,0.674,0.3165,0.141,0.1785,9,False,False,961
0.455,0.335,0.105,0.422,0.229,0.0865,0.1,6,True,False,1770
0.5,0.385,0.13,0.768,0.2625,0.095,0.27,13,False,False,2461
0.64,0.54,0.175,1.571,0.627,0.271,0.475,18,False,False,3166
0.285,0.21,0.07,0.109,0.044,0.0265,0.033,5,True,False,2502
0.5,0.37,0.15,1.0615,0.494,0.223,0.296,9,False,True,1779
0.625,0.505,0.215,1.4455,0.496,0.287,0.435,22,False,True,232
0.4,0.29,0.11,0.329,0.188,0.0455,0.0825,6,True,False,1437
0.61,0.475,0.16,1.1155,0.3835,0.223,0.379,10,False,False,1672
0.625,0.495,0.175,1.2935,0.5805,0.317,0.355,9,False,True,4050
0.625,0.485,0.17,1.437,0.5855,0.293,0.475,11,False,True,3463
0.22,0.16,0.05,0.049,0.0215,0.01,0.015,4,True,False,2626
0.355,0.255,0.08,0.187,0.078,0.0505,0.058,7,True,False,2718
0.36,0.265,0.075,0.1785,0.0785,0.035,0.054,6,True,False,3529
0.575,0.45,0.17,0.9315,0.358,0.2145,0.26,13,True,False,2425
0.555,0.425,0.14,0.963,0.44,0.224,0.24,7,False,False,2586
0.61,0.475,0.175,1.024,0.409,0.261,0.322,9,False,True,2994
0.405,0.25,0.09,0.2875,0.128,0.063,0.0805,7,True,False,2006
0.385,0.305,0.105,0.3315,0.1365,0.0745,0.1,7,False,False,2287
0.495,0.385,0.135,0.6335,0.2,0.1225,0.26,14,False,True,2187
0.545,0.43,0.14,0.832,0.4355,0.17,0.201,9,False,False,2654
0.575,0.45,0.16,1.068,0.556,0.214,0.2575,10,False,False,1137
0.535,0.41,0.13,0.6075,0.268,0.1225,0.1975,9,True,False,3556
0.595,0.475,0.165,1.213,0.621,0.2435,0.274,9,False,True,1001
0.605,0.485,0.165,1.0735,0.437,0.205,0.33,14,False,False,3296
0.65,0.52,0.155,1.368,0.6185,0.288,0.365,9,False,True,2802
0.595,0.45,0.14,0.838,0.3965,0.194,0.217,10,False,True,1652
0.44,0.355,0.115,0.415,0.1585,0.0925,0.131,11,False,False,541
0.525,0.415,0.14,0.724,0.3475,0.173,0.175,8,False,False,972
0.53,0.425,0.13,0.781,0.3905,0.2005,0.215,9,True,False,3653
0.63,0.48,0.175,1.3675,0.5015,0.3035,0.515,17,False,False,579
0.625,0.49,0.165,1.127,0.477,0.2365,0.3185,9,False,False,2607
0.545,0.375,0.12,0.543,0.2375,0.1155,0.1725,8,True,False,1609
0.635,0.475,0.17,1.1935,0.5205,0.2695,0.3665,10,False,True,1392
0.38,0.235,0.1,0.258,0.1055,0.054,0.08,7,False,True,636
0.375,0.28,0.085,0.3155,0.187,0.046,0.067,7,True,False,1434
0.69,0.55,0.2,1.569,0.687,0.3675,0.46,12,False,False,1745
0.575,0.47,0.185,0.985,0.3745,0.2175,0.355,10,False,True,1636
0.45,0.355,0.11,0.4585,0.194,0.067,0.14,8,True,False,315
0.375,0.29,0.115,0.2705,0.093,0.066,0.0885,10,False,False,539
0.59,0.445,0.135,0.7715,0.328,0.1745,0.23,9,True,False,1347
0.385,0.285,0.085,0.244,0.1215,0.0445,0.068,8,True,False,2724
0.61,0.495,0.19,1.213,0.464,0.306,0.365,15,False,False,3247
0.545,0.44,0.165,0.744,0.2875,0.204,0.25,15,False,True,3870
0.425,0.33,0.115,0.406,0.1635,0.081,0.1355,8,False,False,135
0.575,0.47,0.155,1.116,0.509,0.238,0.34,10,False,False,1634
0.57,0.42,0.155,1.008,0.377,0.193,0.34,13,False,True,2477
0.735,0.565,0.225,2.037,0.87,0.5145,0.5675,13,False,False,3628
0.44,0.365,0.115,0.501,0.2435,0.084,0.1465,9,True,False,832
0.535,0.385,0.18,1.0835,0.4955,0.2295,0.304,8,True,False,1786
0.485,0.37,0.115,0.457,0.1885,0.0965,0.15,9,True,False,1851
0.565,0.445,0.145,0.9255,0.4345,0.212,0.2475,9,False,True,2027
0.6,0.465,0.155,1.0165,0.512,0.2465,0.225,10,False,True,1156
0.565,0.445,0.15,0.796,0.3635,0.184,0.219,8,False,True,1326
0.27,0.205,0.075,0.118,0.059,0.031,0.0305,4,True,False,3963
0.65,0.515,0.18,1.463,0.658,0.3135,0.4115,11,False,True,3589
0.39,0.285,0.095,0.271,0.11,0.06,0.08,8,False,True,2481
0.64,0.505,0.18,1.297,0.59,0.3125,0.363,11,False,True,2950
0.47,0.35,0.145,0.5175,0.187,0.1235,0.18,11,False,False,221
0.48,0.385,0.135,0.536,0.1895,0.142,0.173,14,False,False,701
0.59,0.45,0.16,0.9,0.358,0.156,0.315,19,False,False,642
0.51,0.4,0.14,0.6515,0.2455,0.1665,0.185,10,False,True,684
0.655,0.54,0.175,1.5585,0.7285,0.402,0.385,11,False,False,3512
0.455,0.37,0.125,0.433,0.201,0.1265,0.145,9,True,False,2119
0.16,0.12,0.02,0.018,0.0075,0.0045,0.005,4,True,False,3902
0.345,0.25,0.09,0.203,0.078,0.059,0.055,6,False,False,519
0.315,0.23,0.07,0.164,0.0625,0.04,0.045,6,True,False,3967
0.72,0.575,0.18,1.6705,0.732,0.3605,0.501,12,False,False,1981
0.245,0.195,0.06,0.095,0.0445,0.0245,0.026,4,True,False,263
0.66,0.53,0.185,1.346,0.546,0.2705,0.476,11,False,False,1182
0.255,0.195,0.065,0.08,0.0315,0.018,0.027,8,False,True,546
0.66,0.525,0.2,1.463,0.6525,0.2995,0.422,11,False,False,2805
0.55,0.425,0.145,0.797,0.297,0.15,0.265,9,False,False,2224
0.375,0.28,0.095,0.2225,0.0875,0.043,0.08,10,False,True,3921
0.53,0.405,0.15,0.889,0.4055,0.2275,0.215,8,False,False,2583
0.755,0.575,0.2,2.073,1.0135,0.4655,0.48,11,False,False,3082
0.565,0.43,0.15,0.831,0.4245,0.1735,0.219,10,False,True,1625
0.48,0.37,0.1,0.5135,0.243,0.1015,0.135,8,False,True,2574
0.59,0.47,0.145,0.9235,0.4545,0.173,0.254,9,False,True,2779
0.665,0.535,0.225,2.1835,0.7535,0.391,0.885,27,False,True,2108
0.64,0.495,0.17,1.139,0.5395,0.282,0.285,10,False,True,2799
0.645,0.51,0.155,1.539,0.6405,0.3585,0.43,11,False,True,1508
0.405,0.31,0.095,0.3425,0.1785,0.064,0.0855,8,True,False,1439
0.535,0.45,0.17,0.781,0.3055,0.1555,0.295,11,True,False,661
0.49,0.38,0.155,0.578,0.2395,0.1255,0.18,9,False,False,3199
0.32,0.235,0.065,0.1385,0.058,0.0225,0.05,5,True,False,3864
0.535,0.415,0.185,0.8415,0.314,0.1585,0.3,15,False,False,280
0.315,0.235,0.075,0.1485,0.0585,0.0375,0.0425,6,True,False,903
0.66,0.495,0.21,1.548,0.724,0.3525,0.3925,10,False,False,1408
0.545,0.42,0.14,0.7505,0.2475,0.13,0.255,22,False,True,433
0.49,0.39,0.12,0.511,0.2205,0.103,0.1745,9,True,False,3648
0.655,0.5,0.22,1.359,0.642,0.3255,0.405,13,False,False,4143
0.635,0.525,0.205,1.484,0.55,0.3115,0.43,20,False,True,278
0.275,0.2,0.065,0.1035,0.0475,0.0205,0.03,7,True,False,715
0.435,0.325,0.105,0.335,0.136,0.065,0.115,8,True,False,3017
0.355,0.275,0.09,0.251,0.097,0.053,0.08,7,True,False,325
0.555,0.435,0.14,0.765,0.3945,0.15,0.206,8,True,False,1617
0.625,0.43,0.175,1.411,0.572,0.297,0.395,12,True,False,2407
0.27,0.19,0.06,0.099,0.0445,0.017,0.03,5,True,False,3964
0.58,0.46,0.15,1.049,0.5205,0.1935,0.305,10,False,True,2907
0.46,0.365,0.11,0.4495,0.1755,0.102,0.15,8,True,False,4122
0.465,0.345,0.11,0.393,0.1825,0.0735,0.12,8,True,False,1567
0.165,0.125,0.04,0.0245,0.0095,0.0045,0.008,4,False,True,3318
0.4,0.3,0.125,0.417,0.191,0.09,0.1175,9,False,True,704
0.46,0.33,0.15,0.5325,0.2085,0.1805,0.125,10,False,False,3375
0.69,0.53,0.21,1.583,0.7355,0.405,0.3865,12,False,True,1189
0.595,0.465,0.145,0.7955,0.3425,0.1795,0.2425,10,False,False,3573
0.59,0.47,0.16,1.206,0.479,0.2425,0.309,8,False,True,997
0.545,0.42,0.145,0.778,0.3745,0.1545,0.205,7,False,True,2655
0.61,0.48,0.185,1.3065,0.6895,0.2915,0.29,10,False,True,2786
0.525,0.425,0.14,0.8735,0.4205,0.182,0.2225,10,False,False,3652
0.585,0.465,0.15,0.98,0.4315,0.2545,0.247,9,False,True,4006
0.72,0.545,0.195,1.7475,0.8215,0.383,0.4705,11,False,True,4022
0.29,0.21,0.06,0.1195,0.056,0.0235,0.03,6,True,False,1993
0.535,0.43,0.14,0.7165,0.2855,0.1595,0.2155,8,False,True,978
0.48,0.37,0.125,0.474,0.179,0.1035,0.175,9,True,False,1572
0.39,0.285,0.1,0.281,0.1275,0.062,0.077,7,True,False,1552
0.55,0.44,0.135,0.8435,0.434,0.1995,0.185,8,False,False,2659
0.42,0.31,0.095,0.279,0.1255,0.051,0.088,6,True,False,1078
0.58,0.465,0.175,1.035,0.401,0.1865,0.385,17,False,True,2221
0.53,0.42,0.13,0.8365,0.3745,0.167,0.249,11,True,False,1599
0.535,0.405,0.145,0.6845,0.2725,0.171,0.205,10,False,False,13
0.58,0.45,0.14,0.824,0.3465,0.1765,0.263,10,False,True,4130
0.685,0.535,0.175,1.5845,0.7175,0.3775,0.4215,9,False,False,1817
0.56,0.44,0.16,0.8645,0.3305,0.2075,0.26,10,False,True,87
0.6,0.475,0.15,1.0075,0.4425,0.221,0.28,15,False,False,75
0.245,0.18,0.065,0.071,0.03,0.013,0.0215,4,True,False,1058
0.74,0.58,0.205,2.381,0.8155,0.4695,0.488,12,False,True,3800
0.455,0.35,0.135,0.5365,0.2855,0.0855,0.1325,7,True,False,4000
0.6,0.475,0.175,1.11,0.5105,0.256,0.285,9,False,True,2842
0.47,0.375,0.105,0.513,0.232,0.142,0.13,11,False,False,3152
0.61,0.48,0.15,1.1495,0.564,0.274,0.264,8,False,True,2599
0.515,0.4,0.125,0.5925,0.265,0.1175,0.168,9,True,False,2652
0.675,0.51,0.195,1.382,0.6045,0.3175,0.3965,10,False,False,1740
0.58,0.475,0.155,0.974,0.4305,0.23,0.285,10,False,False,2289
0.42,0.305,0.1,0.3415,0.1645,0.0775,0.086,7,True,False,4107
0.615,0.495,0.2,1.304,0.5795,0.3115,0.371,14,False,True,3616
0.525,0.4,0.14,0.601,0.2625,0.1285,0.1835,9,True,False,1114
0.395,0.305,0.105,0.282,0.0975,0.065,0.096,9,False,True,2452
0.32,0.255,0.085,0.1745,0.072,0.033,0.057,8,True,False,2040
0.65,0.485,0.16,1.7395,0.5715,0.2785,0.3075,10,False,True,1812
0.72,0.575,0.215,2.226,0.8955,0.405,0.62,13,False,False,2265
0.595,0.465,0.155,1.026,0.4645,0.112,0.305,12,False,False,1351
0.54,0.42,0.13,0.7505,0.368,0.1675,0.1845,9,False,False,2067
0.58,0.455,0.15,1.114,0.4765,0.2155,0.265,8,False,True,1144
0.6,0.46,0.155,0.9735,0.427,0.2045,0.3,8,False,False,1655
0.675,0.515,0.15,1.312,0.556,0.2845,0.4115,11,False,True,1970
0.72,0.59,0.205,1.7495,0.7755,0.4225,0.48,11,False,False,4106
0.625,0.5,0.15,0.953,0.3445,0.2235,0.305,15,False,False,495
0.665,0.525,0.21,1.644,0.818,0.3395,0.4275,10,False,False,2082
0.475,0.365,0.14,0.6175,0.202,0.1445,0.19,16,False,True,3947
0.39,0.29,0.09,0.2745,0.135,0.0455,0.078,8,True,False,3636
0.6,0.465,0.165,1.0475,0.465,0.2345,0.315,11,False,True,2922
0.425,0.335,0.095,0.322,0.1205,0.061,0.125,10,False,False,626
0.595,0.5,0.18,1.053,0.4405,0.192,0.39,13,False,False,3895
0.65,0.545,0.165,1.566,0.6645,0.3455,0.415,16,False,False,370
0.475,0.35,0.115,0.498,0.2375,0.099,0.14,7,True,False,3546
0.485,0.365,0.09,0.651,0.3165,0.132,0.18,8,True,False,4032
0.62,0.49,0.15,1.195,0.4605,0.302,0.355,9,False,True,1931
0.365,0.255,0.08,0.1985,0.0785,0.0345,0.053,5,True,False,1432
0.515,0.395,0.125,0.556,0.2695,0.096,0.17,8,True,False,1465
0.465,0.345,0.11,0.4415,0.1755,0.0905,0.12,7,True,False,943
0.465,0.36,0.105,0.498,0.214,0.116,0.14,15,True,False,624
0.52,0.4,0.14,0.622,0.278,0.1455,0.169,8,True,False,4074
0.485,0.36,0.13,0.5415,0.2595,0.096,0.16,10,False,True,52
0.595,0.48,0.165,1.262,0.4835,0.283,0.41,17,False,True,130
0.66,0.505,0.185,1.528,0.69,0.3025,0.441,11,False,False,1036
0.505,0.365,0.115,0.521,0.25,0.096,0.15,8,False,True,2886
0.47,0.375,0.12,0.5565,0.226,0.122,0.195,12,False,True,383
0.34,0.26,0.09,0.179,0.076,0.0525,0.055,6,True,False,2293
0.44,0.34,0.125,0.4895,0.1735,0.0875,0.2,13,True,False,3332
0.475,0.34,0.105,0.4535,0.203,0.08,0.1465,9,True,False,1848
0.49,0.39,0.14,0.707,0.2795,0.2185,0.18,13,False,True,345
0.47,0.355,0.13,0.5465,0.2005,0.126,0.185,14,False,False,564
0.58,0.46,0.13,0.921,0.357,0.181,0.29,13,False,True,491
0.46,0.38,0.13,0.639,0.3,0.1525,0.16,11,False,False,265
0.42,0.315,0.115,0.355,0.1895,0.065,0.087,6,True,False,2047
0.395,0.28,0.08,0.266,0.0995,0.066,0.09,12,False,True,3923
0.675,0.545,0.185,1.7375,0.876,0.3135,0.469,13,False,True,1413
0.53,0.42,0.17,0.828,0.41,0.208,0.1505,6,False,False,2581
0.25,0.185,0.065,0.0685,0.0295,0.014,0.0225,5,True,False,1212
0.555,0.445,0.13,0.8625,0.4225,0.155,0.24,9,False,True,3811
0.58,0.445,0.16,0.984,0.49,0.201,0.27,9,False,True,2836
0.67,0.54,0.165,1.5015,0.518,0.358,0.505,14,False,False,420
0.655,0.52,0.165,1.4095,0.586,0.291,0.405,9,False,True,881
0.6,0.47,0.15,0.922,0.363,0.194,0.305,10,False,False,77
0.62,0.49,0.16,1.035,0.44,0.2525,0.285,11,False,True,1930
0.695,0.55,0.195,1.6645,0.727,0.36,0.445,11,False,True,4147
0.565,0.44,0.175,0.9025,0.31,0.193,0.325,14,False,True,231
0.625,0.5,0.13,1.082,0.5785,0.2045,0.25,8,False,True,2847
0.425,0.315,0.095,0.3675,0.1865,0.0675,0.0985,7,True,False,2008
0.455,0.345,0.125,0.44,0.169,0.1065,0.135,12,False,True,3370
0.625,0.5,0.175,1.0565,0.4615,0.258,0.305,10,False,True,4051
0.73,0.57,0.165,2.0165,1.0685,0.418,0.435,10,False,False,2544
0.6,0.45,0.145,0.877,0.4325,0.155,0.24,9,False,True,2784
0.38,0.285,0.085,0.237,0.115,0.0405,0.07,6,True,False,2556
0.335,0.255,0.075,0.1635,0.0615,0.0345,0.057,8,False,True,3378
0.52,0.41,0.115,0.807,0.2855,0.179,0.235,12,False,False,809
0.645,0.51,0.165,1.403,0.5755,0.2515,0.4545,11,False,True,4056
0.675,0.525,0.175,1.402,0.483,0.3205,0.465,16,False,True,3219
0.4,0.305,0.085,0.297,0.108,0.0705,0.1,10,False,True,726
0.37,0.28,0.095,0.2655,0.122,0.052,0.08,7,True,False,209
0.655,0.515,0.2,1.373,0.443,0.3375,0.49,16,False,True,3857
0.44,0.345,0.17,0.4085,0.15,0.0825,0.1515,12,False,False,610
0.425,0.32,0.1,0.3055,0.126,0.06,0.106,7,True,False,1255
0.425,0.325,0.11,0.405,0.1695,0.092,0.1065,8,True,False,3536
0.545,0.405,0.175,0.98,0.2585,0.207,0.38,18,False,False,3195
0.65,0.51,0.175,1.446,0.6485,0.2705,0.45,12,False,True,2803
0.545,0.42,0.175,0.754,0.256,0.1775,0.275,10,False,False,3831
0.605,0.485,0.16,1.201,0.417,0.2875,0.38,9,False,False,1490
0.72,0.58,0.195,2.103,1.0265,0.48,0.5375,10,False,False,1199
0.67,0.52,0.175,1.4755,0.6275,0.379,0.374,10,False,True,3794
0.415,0.315,0.1,0.3645,0.1765,0.0795,0.095,8,True,False,2632
0.465,0.35,0.13,0.494,0.1945,0.103,0.155,18,False,False,2418
0.45,0.36,0.125,0.45,0.191,0.0865,0.145,12,True,False,3333
0.225,0.17,0.05,0.0515,0.019,0.012,0.017,4,True,False,3083
0.345,0.27,0.095,0.197,0.0665,0.05,0.07,9,False,True,767
0.7,0.565,0.18,1.751,0.895,0.3355,0.446,9,False,True,1192
0.425,0.3,0.095,0.3515,0.141,0.0775,0.12,8,True,False,5
0.425,0.315,0.125,0.3525,0.1135,0.0565,0.13,18,False,True,2416
0.575,0.46,0.165,0.9575,0.4815,0.1945,0.236,10,False,False,4042
0.365,0.275,0.135,0.24,0.108,0.0445,0.0735,7,True,False,820
0.435,0.335,0.1,0.3245,0.135,0.0785,0.098,7,True,False,1841
0.595,0.47,0.165,1.108,0.4915,0.2325,0.3345,9,False,True,2673
0.53,0.415,0.15,0.7775,0.237,0.1415,0.33,20,False,False,6
0.35,0.255,0.08,0.1915,0.08,0.0385,0.063,9,False,True,714
0.605,0.49,0.155,1.153,0.503,0.2505,0.295,15,False,True,3167
0.41,0.3,0.1,0.282,0.1255,0.057,0.0875,7,True,False,1074
0.34,0.265,0.08,0.2015,0.09,0.0475,0.055,5,True,False,1067
0.575,0.44,0.185,1.025,0.5075,0.2245,0.2485,10,False,True,1793
0.335,0.265,0.095,0.1975,0.0795,0.0375,0.07,9,False,True,3205
0.395,0.31,0.095,0.313,0.131,0.072,0.093,7,True,False,3409
0.415,0.33,0.1,0.3905,0.1925,0.0755,0.1025,7,True,False,3973
0.705,0.56,0.17,1.4575,0.607,0.318,0.44,11,False,False,3799
0.48,0.39,0.125,0.6905,0.219,0.155,0.2,12,False,False,2500
0.62,0.485,0.17,1.208,0.4805,0.3045,0.33,15,True,False,2408
0.57,0.435,0.15,0.8295,0.3875,0.156,0.245,10,False,False,2028
0.6,0.47,0.2,1.031,0.392,0.2035,0.29,15,False,False,2364
0.615,0.485,0.16,1.1575,0.5005,0.2495,0.315,10,False,False,2600
0.58,0.46,0.16,1.063,0.513,0.2705,0.2625,9,False,True,2029
0.56,0.445,0.16,0.8965,0.42,0.2175,0.2215,8,False,True,1127
0.625,0.5,0.17,1.0985,0.4645,0.22,0.354,9,False,True,1690
0.535,0.42,0.145,0.926,0.398,0.1965,0.25,17,True,False,600
0.52,0.425,0.145,0.7,0.207,0.1905,0.24,13,False,False,2480
0.46,0.35,0.11,0.3945,0.1685,0.0865,0.125,9,True,False,2142
0.62,0.47,0.2,1.2255,0.381,0.27,0.435,23,False,False,313
0.44,0.34,0.1,0.451,0.188,0.087,0.13,10,False,False,17
0.595,0.47,0.165,1.0155,0.491,0.1905,0.289,9,False,False,3499
0.375,0.265,0.095,0.196,0.085,0.042,0.0585,5,True,False,2819
0.505,0.405,0.18,0.606,0.239,0.1235,0.18,11,False,False,3172
0.455,0.35,0.105,0.401,0.1575,0.083,0.135,9,False,True,2144
0.58,0.47,0.165,0.927,0.3215,0.1985,0.315,11,False,True,2190
0.52,0.38,0.135,0.5825,0.2505,0.1565,0.175,8,False,True,2256
0.65,0.515,0.175,1.466,0.677,0.3045,0.4,10,False,True,1511
0.48,0.335,0.125,0.524,0.246,0.1095,0.145,7,True,False,4070
0.61,0.485,0.17,1.0225,0.419,0.2405,0.36,12,False,True,191
0.5,0.405,0.15,0.5965,0.253,0.126,0.185,12,False,False,2373
0.525,0.4,0.115,0.6295,0.2555,0.144,0.18,11,False,False,3942
0.615,0.485,0.215,0.9615,0.422,0.176,0.29,11,False,True,3056
0.47,0.365,0.135,0.522,0.2395,0.1525,0.145,10,False,True,2013
0.6,0.445,0.175,1.057,0.383,0.216,0.355,16,True,False,3305
0.625,0.515,0.18,1.3485,0.5255,0.252,0.3925,14,False,False,2034
0.52,0.415,0.14,0.6385,0.2945,0.1405,0.171,8,True,False,3650
0.575,0.475,0.145,0.857,0.3665,0.173,0.269,9,False,True,1908
0.58,0.43,0.125,0.9115,0.446,0.2075,0.121,10,False,True,3100
0.575,0.44,0.15,0.983,0.486,0.215,0.239,8,True,False,3666
0.32,0.215,0.095,0.305,0.14,0.067,0.0885,6,True,False,2975
0.525,0.43,0.15,0.7365,0.3225,0.161,0.215,11,True,False,2382
0.46,0.36,0.105,0.466,0.2225,0.099,0.11,7,True,False,1265
0.415,0.305,0.12,0.336,0.165,0.076,0.0805,7,True,False,2046
0.46,0.345,0.105,0.449,0.196,0.0945,0.1265,7,True,False,940
0.6,0.46,0.17,1.1805,0.456,0.337,0.329,11,False,True,1916
0.24,0.175,0.055,0.0705,0.025,0.014,0.021,5,True,False,893
0.63,0.495,0.19,1.1655,0.536,0.2115,0.1625,10,False,False,3128
0.62,0.48,0.165,1.043,0.4835,0.221,0.31,10,False,False,3580
0.555,0.44,0.145,0.85,0.4165,0.1685,0.23,8,False,True,3492
0.67,0.52,0.19,1.6385,0.8115,0.369,0.391,9,False,True,2617
0.675,0.52,0.175,1.494,0.7365,0.3055,0.37,9,False,False,4100
0.405,0.305,0.09,0.2825,0.114,0.0575,0.095,7,True,False,2094
0.565,0.465,0.15,1.1815,0.581,0.2215,0.3095,9,True,False,4082
0.535,0.405,0.125,0.927,0.26,0.1425,0.345,16,False,False,687
0.49,0.355,0.16,0.8795,0.3485,0.215,0.2825,8,False,False,1778
0.585,0.45,0.145,0.9835,0.4845,0.242,0.22,9,False,False,3497
0.215,0.15,0.03,0.0385,0.0115,0.005,0.01,5,True,False,2172
0.55,0.41,0.125,0.7605,0.2505,0.1635,0.195,14,False,True,308
0.605,0.5,0.175,1.098,0.4765,0.232,0.375,12,False,True,448
0.635,0.51,0.185,1.286,0.526,0.295,0.4105,12,False,False,2851
0.635,0.505,0.19,1.3315,0.5805,0.252,0.435,17,True,False,2397
0.59,0.445,0.13,1.1325,0.3825,0.234,0.32,13,False,False,766
0.5,0.38,0.125,0.519,0.2485,0.1135,0.134,8,True,False,1101
0.695,0.535,0.175,1.8385,0.8035,0.396,0.503,10,False,False,1046
0.375,0.285,0.1,0.239,0.105,0.0555,0.07,8,True,False,3357
0.66,0.51,0.18,1.261,0.5,0.2335,0.339,10,False,True,3701
0.5,0.385,0.11,0.596,0.3015,0.104,0.151,8,True,False,3446
0.49,0.39,0.135,0.5785,0.2465,0.123,0.2,13,False,False,422
0.7,0.55,0.175,1.4405,0.6565,0.2985,0.375,12,False,True,1978
0.47,0.365,0.12,0.612,0.327,0.15,0.14,8,False,True,945
0.59,0.485,0.12,0.911,0.39,0.182,0.29,16,False,True,407
0.58,0.46,0.14,0.9265,0.4135,0.1845,0.27,10,True,False,3567
0.655,0.51,0.15,1.043,0.4795,0.223,0.305,9,False,False,1722
0.575,0.45,0.17,1.0475,0.3775,0.1705,0.385,18,False,False,429
0.47,0.36,0.13,0.472,0.182,0.114,0.15,10,False,False,304
0.575,0.47,0.14,0.8375,0.3485,0.1735,0.24,11,False,True,455
0.47,0.37,0.18,0.51,0.1915,0.1285,0.1625,9,False,True,792
0.32,0.225,0.085,0.1415,0.0675,0.0295,0.0405,6,True,False,1066
0.44,0.345,0.12,0.487,0.1965,0.108,0.16,14,True,False,638
0.55,0.425,0.13,0.664,0.2695,0.163,0.21,8,True,False,2899
0.41,0.31,0.09,0.3335,0.1635,0.061,0.091,6,True,False,919
0.715,0.525,0.2,1.89,0.95,0.436,0.4305,10,False,True,3627
0.26,0.2,0.065,0.096,0.044,0.027,0.03,6,False,True,2424
0.56,0.41,0.165,0.93,0.3505,0.237,0.3,13,False,True,780
0.29,0.21,0.075,0.275,0.113,0.0675,0.035,6,False,False,2123
0.35,0.265,0.09,0.2265,0.0995,0.0575,0.065,6,False,True,3173
0.605,0.435,0.13,0.9025,0.432,0.174,0.26,11,True,False,1360
0.605,0.485,0.16,1.0565,0.37,0.2355,0.355,10,False,False,153
0.725,0.56,0.21,2.141,0.65,0.398,1.005,18,False,False,163
0.6,0.47,0.135,0.97,0.4655,0.1955,0.264,11,False,False,1915
0.58,0.44,0.16,0.8295,0.3365,0.2005,0.2485,9,False,True,1913
0.625,0.495,0.155,1.025,0.46,0.1945,0.34,9,False,True,4049
0.57,0.455,0.155,0.832,0.3585,0.174,0.277,11,False,True,1895
0.445,0.345,0.105,0.409,0.1675,0.1015,0.117,7,True,False,1084
0.575,0.44,0.125,0.8515,0.4555,0.1715,0.1965,9,True,False,3564
0.67,0.535,0.19,1.669,0.7465,0.2935,0.508,11,False,True,4144
0.775,0.63,0.25,2.7795,1.3485,0.76,0.578,12,False,True,1763
0.625,0.485,0.165,1.2255,0.5075,0.296,0.36,10,False,False,4053
0.59,0.45,0.145,1.022,0.428,0.268,0.265,10,True,False,1649
0.63,0.49,0.17,1.1745,0.5255,0.273,0.339,11,False,True,1696
0.505,0.4,0.125,0.5605,0.2255,0.1435,0.17,8,True,False,2885
0.6,0.46,0.145,0.9325,0.3985,0.2245,0.248,8,False,False,2596
0.53,0.405,0.12,0.632,0.2715,0.148,0.1875,9,True,False,1873
0.65,0.515,0.175,1.4805,0.5295,0.272,0.525,20,False,True,754
0.585,0.455,0.155,1.133,0.5515,0.223,0.305,12,False,True,4008
0.205,0.15,0.055,0.042,0.0255,0.015,0.012,5,True,False,43
0.595,0.47,0.155,1.1775,0.542,0.269,0.31,9,False,False,2593
0.615,0.475,0.17,1.055,0.543,0.246,0.2345,9,False,False,2677
0.53,0.395,0.13,0.575,0.247,0.115,0.183,9,True,False,1872
0.445,0.33,0.11,0.358,0.1525,0.067,0.1185,8,True,False,1845
0.48,0.355,0.115,0.4725,0.2065,0.112,0.132,8,True,False,1276
0.57,0.465,0.18,0.9995,0.405,0.277,0.295,16,False,False,2138
0.2,0.145,0.06,0.037,0.0125,0.0095,0.011,4,True,False,305
0.515,0.42,0.15,0.6725,0.2555,0.1335,0.235,10,True,False,1860
0.61,0.48,0.19,1.2955,0.5215,0.3225,0.365,12,False,False,3233
0.615,0.495,0.155,1.2865,0.435,0.293,0.3245,11,False,True,3126
0.35,0.26,0.09,0.198,0.0725,0.056,0.06,10,False,True,2451
0.26,0.215,0.08,0.099,0.037,0.0255,0.045,5,True,False,2195
0.55,0.44,0.155,0.9155,0.3645,0.195,0.25,8,False,True,3451
0.55,0.405,0.14,0.8025,0.244,0.1635,0.255,10,False,True,215
0.345,0.275,0.095,0.1995,0.0755,0.0535,0.07,6,True,False,394
0.56,0.425,0.135,0.9415,0.509,0.2015,0.1975,9,False,True,2989
0.53,0.425,0.13,0.7455,0.2995,0.1355,0.245,10,False,True,2092
0.55,0.465,0.15,1.082,0.3575,0.194,0.19,14,False,False,3860
0.71,0.53,0.195,1.8745,0.6755,0.4065,0.6855,12,False,False,3148
0.655,0.515,0.18,1.412,0.6195,0.2485,0.497,11,False,False,1961
0.51,0.37,0.21,1.183,0.508,0.292,0.343,9,False,False,2982
0.57,0.45,0.14,0.9275,0.477,0.1605,0.2515,8,False,True,3819
0.27,0.195,0.08,0.1,0.0385,0.0195,0.03,6,False,True,515
0.51,0.4,0.14,0.6905,0.259,0.151,0.23,10,False,True,3138
0.63,0.5,0.175,1.2645,0.5635,0.3065,0.3425,10,False,True,1173
0.53,0.395,0.125,0.6235,0.2975,0.108,0.195,11,True,False,3656
0.375,0.28,0.08,0.2025,0.0825,0.048,0.065,8,True,False,1238
0.56,0.42,0.195,0.8085,0.3025,0.1795,0.285,14,False,True,2158
0.705,0.53,0.17,1.564,0.612,0.394,0.44,10,False,False,3712
0.67,0.545,0.2,1.7025,0.833,0.374,0.41,11,False,True,1518
0.66,0.505,0.19,1.4385,0.6775,0.285,0.178,11,False,True,4017
0.41,0.325,0.105,0.361,0.1605,0.0665,0.103,8,True,False,3111
0.63,0.49,0.17,1.2155,0.4625,0.2045,0.3105,10,False,False,3129
0.62,0.495,0.195,1.5145,0.579,0.346,0.5195,15,False,True,1933
0.6,0.475,0.15,1.089,0.5195,0.223,0.292,11,False,True,3421
0.235,0.13,0.075,0.1585,0.0685,0.037,0.0465,5,True,False,3716
0.69,0.525,0.175,1.7005,0.8255,0.362,0.405,8,False,True,1044
0.605,0.49,0.145,1.3,0.517,0.3285,0.31,14,False,True,2474
0.575,0.445,0.16,0.9175,0.45,0.1935,0.24,9,True,False,3044
0.56,0.44,0.135,0.8025,0.35,0.1615,0.259,9,False,False,4159
0.5,0.44,0.155,0.742,0.2025,0.2005,0.2115,14,False,False,2479
0.565,0.44,0.155,0.9395,0.4275,0.214,0.27,12,False,False,22
0.255,0.185,0.07,0.075,0.028,0.018,0.025,6,True,False,2342
0.7,0.575,0.17,1.31,0.5095,0.314,0.42,14,False,False,373
0.57,0.435,0.125,0.8965,0.383,0.1835,0.275,9,False,True,1333
0.4,0.29,0.115,0.2795,0.1115,0.0575,0.075,9,False,True,516
0.475,0.375,0.13,0.5175,0.2075,0.1165,0.17,10,False,True,144
0.64,0.49,0.135,1.1,0.488,0.2505,0.2925,10,True,False,1952
0.625,0.495,0.155,1.177,0.5055,0.278,0.345,9,False,True,3785
0.59,0.455,0.155,1.066,0.382,0.2275,0.415,20,False,False,572
0.56,0.455,0.125,0.943,0.344,0.129,0.375,21,False,False,428
0.485,0.375,0.145,0.5885,0.2385,0.1155,0.19,13,False,False,2219
0.56,0.44,0.13,0.7235,0.349,0.149,0.2,8,True,False,1620
0.47,0.355,0.12,0.3685,0.126,0.0835,0.1365,6,True,False,1454
0.61,0.5,0.18,1.438,0.5185,0.3735,0.3345,9,False,False,3958
0.645,0.52,0.175,1.561,0.709,0.3555,0.4,8,False,True,1026
0.43,0.35,0.105,0.366,0.1705,0.0855,0.11,6,True,False,3253
0.575,0.44,0.145,0.87,0.3945,0.2195,0.225,8,False,True,3496
0.35,0.26,0.095,0.211,0.086,0.056,0.068,7,True,False,133
0.625,0.42,0.165,1.0595,0.358,0.165,0.445,21,False,False,2180
0.255,0.19,0.06,0.086,0.04,0.0185,0.025,5,True,False,2036
0.435,0.34,0.11,0.3795,0.1495,0.085,0.12,8,True,False,207
0.55,0.425,0.15,0.7665,0.339,0.176,0.21,8,True,False,1615
0.52,0.41,0.115,0.77,0.263,0.157,0.26,11,False,True,3935
0.62,0.475,0.16,0.907,0.371,0.167,0.3075,11,True,False,3058
0.75,0.555,0.215,2.201,1.0615,0.5235,0.5285,11,False,True,2710
0.615,0.455,0.135,1.059,0.4735,0.263,0.274,9,False,False,3823
0.48,0.375,0.145,0.777,0.216,0.13,0.17,9,False,True,647
0.53,0.4,0.125,0.7575,0.398,0.151,0.175,8,False,True,1471
0.45,0.34,0.125,0.4045,0.171,0.07,0.1345,8,True,False,3020
0.365,0.27,0.085,0.2225,0.0935,0.0525,0.066,7,True,False,1543
0.66,0.535,0.2,1.791,0.733,0.318,0.54,15,False,True,2538
0.42,0.305,0.11,0.28,0.094,0.0785,0.0955,9,True,False,2414
0.645,0.53,0.195,1.39,0.6465,0.2945,0.3735,10,False,True,1176
0.675,0.55,0.18,1.6885,0.562,0.3705,0.6,15,False,False,2107
0.635,0.49,0.175,1.375,0.623,0.2705,0.395,11,False,True,1019
0.575,0.46,0.165,1.065,0.4985,0.2145,0.2815,8,False,False,3454
0.52,0.4,0.13,0.6245,0.215,0.2065,0.17,15,False,False,2496
0.455,0.34,0.135,0.462,0.1675,0.158,0.12,9,False,True,773
0.61,0.49,0.17,1.137,0.4605,0.2825,0.344,12,False,False,3812
0.445,0.335,0.14,0.4565,0.1785,0.114,0.14,11,False,False,2443
0.335,0.25,0.075,0.1825,0.0705,0.044,0.055,7,True,False,908
0.615,0.505,0.165,1.167,0.4895,0.2955,0.345,10,False,True,3734
0.65,0.495,0.16,1.304,0.57,0.312,0.3725,9,False,True,1031
0.62,0.48,0.16,1.0765,0.412,0.253,0.3,13,False,True,3394
0.35,0.265,0.085,0.1735,0.0775,0.034,0.056,6,True,False,3528
0.54,0.405,0.155,0.9715,0.3225,0.194,0.29,19,False,True,3373
0.66,0.515,0.155,1.4415,0.7055,0.3555,0.335,10,False,True,4019
0.63,0.495,0.16,1.093,0.497,0.221,0.315,12,False,True,1388
0.635,0.49,0.155,1.145,0.4775,0.3035,0.3155,9,False,False,3063
0.625,0.495,0.16,1.234,0.6335,0.192,0.35,13,False,False,4048
0.495,0.38,0.12,0.512,0.233,0.1205,0.136,7,True,False,2646
0.665,0.51,0.175,1.3805,0.675,0.2985,0.325,10,False,False,2961
0.64,0.48,0.195,1.1435,0.4915,0.2345,0.353,9,False,False,3465
0.515,0.38,0.135,0.6615,0.2875,0.2095,0.155,10,False,True,804
0.67,0.53,0.225,1.5615,0.63,0.487,0.3725,11,False,False,1411
0.46,0.35,0.1,0.471,0.252,0.077,0.123,8,True,False,2741
0.435,0.335,0.11,0.334,0.1355,0.0775,0.0965,7,True,False,4029
0.57,0.42,0.14,0.8745,0.416,0.165,0.25,8,False,True,2835
0.735,0.585,0.185,2.124,0.952,0.55,0.5,11,False,True,1204
0.545,0.41,0.125,0.6935,0.2975,0.146,0.21,11,False,False,114
0.36,0.27,0.09,0.1885,0.0845,0.0385,0.055,5,False,False,521
0.545,0.415,0.16,0.7715,0.272,0.1455,0.2765,10,False,False,474
0.415,0.33,0.09,0.3595,0.17,0.081,0.09,6,True,False,920
0.37,0.28,0.095,0.2225,0.0805,0.051,0.075,7,False,True,2229
0.72,0.56,0.18,1.5865,0.691,0.375,0.4425,11,False,True,1822
0.72,0.575,0.17,1.9335,0.913,0.389,0.51,13,False,False,1421
0.655,0.545,0.165,1.6225,0.6555,0.299,0.513,12,False,False,2536
0.62,0.5,0.165,1.307,0.6355,0.2545,0.315,9,False,True,872
0.655,0.505,0.195,1.4405,0.688,0.3805,0.363,11,False,False,1724
0.28,0.21,0.085,0.1075,0.0415,0.024,0.034,5,True,False,1062
0.675,0.51,0.185,1.473,0.6295,0.3025,0.4245,11,False,False,1971
0.63,0.48,0.15,1.0525,0.392,0.336,0.285,12,False,False,186
0.475,0.375,0.11,0.494,0.211,0.109,0.1545,8,True,False,2880
0.6,0.45,0.14,0.837,0.37,0.177,0.2425,10,False,False,2031
0.385,0.3,0.115,0.3435,0.1645,0.085,0.1025,6,False,True,3849
0.565,0.425,0.135,0.8115,0.341,0.1675,0.255,15,False,True,90
0.56,0.41,0.16,0.8215,0.342,0.184,0.253,9,False,False,2026
0.54,0.44,0.135,0.959,0.2385,0.221,0.3,17,False,False,762
0.56,0.435,0.13,0.777,0.354,0.173,0.222,9,True,False,2902
0.285,0.205,0.07,0.106,0.039,0.0285,0.034,5,True,False,3745
0.525,0.42,0.16,0.756,0.2745,0.173,0.275,9,False,False,346
0.735,0.57,0.175,1.88,0.9095,0.387,0.488,11,False,True,2708
0.72,0.58,0.19,2.0885,0.9955,0.478,0.5305,13,False,True,2972
0.47,0.36,0.12,0.4775,0.2105,0.1055,0.15,10,False,False,53
0.24,0.185,0.06,0.0655,0.0295,0.0005,0.02,4,True,False,3522
0.515,0.395,0.12,0.646,0.285,0.1365,0.172,9,False,True,2578
0.57,0.42,0.13,0.7745,0.3535,0.1505,0.2365,9,True,False,3561
0.62,0.48,0.165,1.0125,0.5325,0.4365,0.324,10,False,False,2790
0.58,0.45,0.235,1.071,0.3,0.206,0.395,14,False,False,2177
0.525,0.4,0.14,0.7325,0.334,0.1575,0.17,11,False,True,973
0.61,0.47,0.145,1.153,0.403,0.296,0.32,14,False,False,764
0.515,0.425,0.14,0.766,0.304,0.1725,0.255,14,False,False,122
0.725,0.575,0.175,2.124,0.765,0.4515,0.85,20,False,False,166
0.46,0.35,0.11,0.4675,0.2125,0.099,0.1375,7,True,False,2012
0.53,0.41,0.15,0.612,0.2435,0.1525,0.1895,11,True,False,3763
0.295,0.215,0.085,0.128,0.049,0.034,0.04,6,True,False,295
0.69,0.54,0.185,1.6195,0.533,0.353,0.555,24,False,True,3280
0.51,0.38,0.135,0.681,0.3435,0.142,0.17,9,False,True,3729
0.535,0.405,0.185,0.8345,0.3175,0.1725,0.29,16,False,True,683
0.61,0.47,0.165,1.052,0.498,0.242,0.267,9,False,True,1163
0.575,0.435,0.15,0.805,0.293,0.1625,0.27,17,False,True,2315
0.52,0.425,0.155,0.7735,0.297,0.123,0.255,17,False,True,3271
0.36,0.28,0.105,0.199,0.0695,0.045,0.08,9,True,False,457
0.475,0.36,0.135,0.4355,0.196,0.0925,0.125,8,True,False,3545
0.625,0.49,0.19,1.7015,0.7465,0.4105,0.3855,11,False,False,4092
0.645,0.485,0.15,1.151,0.5935,0.2315,0.293,12,False,False,2952
0.57,0.455,0.15,0.952,0.3895,0.2155,0.2745,9,False,True,853
0.305,0.245,0.075,0.156,0.0675,0.038,0.045,7,True,False,248
0.595,0.475,0.14,1.0305,0.4925,0.217,0.278,10,False,True,2781
0.385,0.29,0.095,0.312,0.143,0.0635,0.086,6,True,False,823
0.33,0.235,0.09,0.163,0.0615,0.034,0.055,10,False,True,3371
0.19,0.13,0.03,0.0295,0.0155,0.015,0.01,6,True,False,2171
0.475,0.38,0.14,0.689,0.3165,0.1315,0.1955,7,False,False,2056
0.345,0.255,0.08,0.169,0.06,0.0425,0.054,10,False,True,620
0.535,0.45,0.135,0.8075,0.322,0.181,0.25,13,False,False,2296
0.65,0.505,0.175,1.2075,0.5105,0.262,0.39,10,False,False,3790
0.56,0.465,0.145,0.8875,0.3345,0.22,0.2695,9,False,True,3768
0.59,0.475,0.16,1.1015,0.4775,0.2555,0.295,13,False,False,259
0.525,0.4,0.14,0.6955,0.2405,0.16,0.253,10,True,False,3922
0.38,0.32,0.115,0.6475,0.323,0.1325,0.164,7,False,False,3720
0.52,0.41,0.14,0.699,0.3395,0.129,0.1945,10,True,False,3757
0.455,0.35,0.12,0.4835,0.1815,0.144,0.16,11,False,True,666
0.53,0.42,0.135,0.675,0.294,0.156,0.1825,10,False,True,3761
0.58,0.46,0.165,1.2275,0.473,0.1965,0.435,16,False,True,2155
0.62,0.49,0.19,1.218,0.5455,0.2965,0.355,13,False,True,185
0.465,0.38,0.135,0.579,0.208,0.1095,0.22,14,False,False,2435
0.585,0.46,0.165,1.058,0.486,0.25,0.294,9,False,False,3572
0.545,0.43,0.15,0.7285,0.302,0.1315,0.2545,10,True,False,1309
0.44,0.34,0.105,0.402,0.1305,0.0955,0.165,10,False,True,117
0.555,0.455,0.135,0.837,0.382,0.171,0.235,9,False,True,1886
0.505,0.39,0.115,0.5585,0.2575,0.119,0.1535,8,False,True,3550
0.495,0.37,0.125,0.4775,0.185,0.0705,0.169,18,True,False,613
0.52,0.405,0.14,0.6765,0.2865,0.146,0.205,15,True,False,3912
0.395,0.3,0.09,0.2855,0.1385,0.0625,0.077,5,True,False,3602
0.6,0.465,0.165,0.8875,0.309,0.246,0.262,12,False,False,789
0.45,0.335,0.095,0.3505,0.1615,0.0625,0.1185,7,True,False,2739
0.55,0.415,0.135,0.7635,0.318,0.21,0.2,9,False,False,23
0.665,0.505,0.16,1.289,0.6145,0.253,0.3665,11,False,True,1730
0.415,0.315,0.12,0.4015,0.199,0.087,0.097,8,False,True,3972
0.475,0.375,0.125,0.593,0.277,0.115,0.18,10,False,True,391
0.47,0.37,0.14,0.4985,0.2095,0.1225,0.145,10,True,False,534
0.655,0.51,0.175,1.6525,0.8515,0.3365,0.403,10,False,False,1035
0.535,0.425,0.155,0.7765,0.302,0.1565,0.25,16,False,False,3320
0.675,0.525,0.155,1.4785,0.628,0.3405,0.42,9,False,False,887
0.445,0.34,0.145,0.434,0.1945,0.0905,0.13,7,True,False,1085
0.58,0.44,0.125,0.7855,0.363,0.1955,0.195,11,False,False,2911
0.605,0.49,0.15,1.1345,0.5265,0.2645,0.295,9,False,False,1004
0.575,0.445,0.145,0.847,0.415,0.1945,0.22,9,False,True,1143
0.16,0.11,0.025,0.018,0.0065,0.0055,0.005,3,True,False,720
0.57,0.445,0.14,1.0635,0.5265,0.2195,0.24,8,False,True,987
0.5,0.365,0.125,0.528,0.229,0.103,0.1645,9,True,False,3549
0.555,0.42,0.145,0.8695,0.3075,0.2575,0.25,14,False,True,3939
0.62,0.505,0.16,1.3725,0.6285,0.275,0.3685,11,False,False,871
0.61,0.485,0.16,1.0145,0.5315,0.212,0.2415,8,False,True,1161
0.715,0.565,0.18,1.79,0.844,0.3535,0.5385,9,False,False,4105
0.515,0.395,0.165,0.7565,0.1905,0.17,0.3205,10,False,False,2491
0.62,0.51,0.175,1.2705,0.5415,0.323,0.3225,9,False,False,2603
0.48,0.37,0.13,0.5885,0.2475,0.1505,0.1595,15,False,False,3322
0.55,0.425,0.15,0.639,0.269,0.1345,0.217,9,True,False,1612
0.61,0.49,0.15,1.103,0.425,0.2025,0.36,23,False,True,2335
0.615,0.455,0.145,1.1155,0.5045,0.238,0.315,10,False,False,1803
0.65,0.525,0.19,1.385,0.8875,0.3095,0.405,11,False,False,2854
0.525,0.42,0.155,0.842,0.428,0.1415,0.2045,9,False,True,1296
0.56,0.435,0.135,0.72,0.329,0.103,0.251,11,True,False,2768
0.62,0.485,0.205,1.219,0.3875,0.2505,0.385,14,False,True,272
0.38,0.275,0.1,0.2255,0.08,0.049,0.085,10,True,False,21
0.395,0.295,0.09,0.3025,0.143,0.0665,0.0765,5,True,False,1436
0.665,0.505,0.16,1.2915,0.631,0.2925,0.32,11,False,False,1731
0.235,0.17,0.055,0.0515,0.018,0.0105,0.0195,7,False,True,619
0.545,0.435,0.145,0.9385,0.3685,0.1245,0.345,11,False,True,3097
0.595,0.46,0.155,1.0455,0.4565,0.24,0.3085,10,False,False,3673
0.465,0.36,0.115,0.5795,0.295,0.1395,0.12,7,False,True,1774
0.5,0.375,0.145,0.5795,0.239,0.1375,0.185,9,True,False,1283
0.475,0.36,0.125,0.4905,0.205,0.1305,0.125,8,True,False,1571
0.405,0.29,0.09,0.2825,0.112,0.075,0.0815,7,True,False,1440
0.5,0.4,0.165,0.7105,0.27,0.1455,0.225,20,False,False,3924
0.625,0.495,0.175,1.2075,0.531,0.281,0.3525,11,False,True,2936
0.45,0.335,0.14,0.478,0.1865,0.115,0.16,11,False,True,3198
0.53,0.425,0.13,0.717,0.2115,0.166,0.255,13,False,False,3950
0.71,0.55,0.2,1.9045,0.882,0.44,0.5,13,False,True,3426
0.5,0.395,0.12,0.537,0.2165,0.1085,0.1785,9,True,False,2411
0.67,0.52,0.165,1.39,0.711,0.2865,0.3,11,False,True,1735
0.355,0.28,0.11,0.2235,0.0815,0.0525,0.08,7,True,False,2226
0.7,0.555,0.22,1.666,0.647,0.4285,0.455,11,False,False,3079
0.655,0.515,0.16,1.31,0.553,0.369,0.345,11,False,True,1180
0.48,0.365,0.1,0.461,0.2205,0.0835,0.135,8,True,False,1277
0.625,0.495,0.18,1.0815,0.4715,0.254,0.3135,10,False,True,3505
0.56,0.44,0.155,0.6405,0.336,0.1765,0.245,8,False,False,1128
0.485,0.375,0.14,0.521,0.2,0.123,0.17,8,True,False,771
0.5,0.39,0.13,0.6355,0.2505,0.1635,0.195,15,False,False,3867
0.57,0.465,0.16,0.8935,0.3145,0.2575,0.263,10,False,False,790
0.23,0.18,0.05,0.064,0.0215,0.0135,0.02,5,True,False,2547
0.42,0.325,0.115,0.354,0.1625,0.064,0.105,8,True,False,2370
0.57,0.455,0.165,1.0595,0.44,0.2195,0.285,14,False,False,489
0.63,0.475,0.175,1.423,0.4155,0.3385,0.49,14,False,False,3861
0.605,0.485,0.175,1.145,0.4325,0.27,0.405,16,False,True,3299
0.385,0.29,0.09,0.232,0.0855,0.0495,0.08,7,True,False,2113
0.665,0.515,0.19,1.6385,0.831,0.3575,0.371,11,False,True,2857
0.57,0.46,0.15,1.0375,0.5415,0.2035,0.25,9,False,True,1133
0.625,0.48,0.16,1.2415,0.6575,0.2625,0.2785,9,False,True,4116
0.365,0.27,0.105,0.2155,0.0915,0.0475,0.063,6,True,False,3433
0.54,0.42,0.14,0.74,0.3595,0.159,0.1985,8,True,False,4036
0.235,0.16,0.04,0.048,0.0185,0.018,0.015,5,True,False,174
0.55,0.425,0.135,0.656,0.257,0.17,0.203,10,True,False,2763
0.375,0.3,0.1,0.2465,0.104,0.0475,0.083,11,False,True,711
0.645,0.5,0.16,1.2465,0.5475,0.327,0.3,10,False,False,1029
0.625,0.48,0.145,1.085,0.4645,0.2445,0.327,10,False,True,2685
0.565,0.42,0.155,0.743,0.31,0.186,0.231,9,True,False,1622
0.37,0.28,0.085,0.217,0.1095,0.035,0.062,6,True,False,1233
0.26,0.19,0.075,0.0945,0.0445,0.02,0.03,6,False,True,2427
0.67,0.505,0.16,1.2585,0.6255,0.311,0.308,12,False,True,1734
0.615,0.47,0.155,1.2,0.5085,0.32,0.292,8,False,True,2602
0.65,0.525,0.18,1.626,0.597,0.3445,0.53,18,True,False,660
0.555,0.435,0.145,0.9205,0.404,0.2275,0.255,8,False,True,4128
0.36,0.265,0.085,0.1895,0.0725,0.0515,0.055,6,True,False,3634
0.32,0.24,0.085,0.131,0.0615,0.0265,0.038,6,True,False,3524
0.6,0.475,0.15,1.13,0.575,0.196,0.305,9,False,False,1656
0.655,0.525,0.18,1.402,0.624,0.2935,0.365,13,False,True,4142
0.64,0.49,0.14,1.194,0.4445,0.238,0.375,15,False,True,3162
0.36,0.27,0.09,0.2075,0.098,0.039,0.062,6,True,False,3997
0.48,0.35,0.1,0.519,0.2365,0.1275,0.126,7,True,False,4108
0.24,0.185,0.07,0.0715,0.026,0.018,0.025,6,True,False,462
0.335,0.255,0.08,0.168,0.079,0.0355,0.05,5,True,False,1536
0.6,0.48,0.165,0.9165,0.4135,0.1965,0.2725,9,False,True,1657
0.565,0.48,0.175,0.957,0.3885,0.215,0.275,18,False,False,2336
0.295,0.215,0.075,0.129,0.05,0.0295,0.04,7,False,True,655
0.565,0.425,0.16,0.9425,0.3495,0.2185,0.275,17,False,True,240
0.645,0.525,0.17,1.37,0.6135,0.283,0.34,10,False,False,3986
0.635,0.5,0.18,1.2915,0.594,0.2695,0.37,9,False,True,4097
0.635,0.51,0.17,1.2235,0.532,0.271,0.354,9,False,False,2998
0.705,0.54,0.205,1.757,0.8265,0.417,0.461,9,False,False,2808
0.495,0.375,0.12,0.589,0.3075,0.1215,0.1405,8,True,False,2825
0.63,0.51,0.19,1.4985,0.4125,0.3075,0.545,16,False,True,3216
0.635,0.475,0.15,1.1845,0.533,0.307,0.291,10,False,False,1808
0.485,0.375,0.13,0.6025,0.2935,0.1285,0.16,7,True,False,1575
0.565,0.455,0.15,0.9795,0.444,0.205,0.275,8,False,True,3981
0.33,0.26,0.08,0.19,0.0765,0.0385,0.065,7,True,False,2216
0.32,0.205,0.08,0.181,0.088,0.034,0.0495,5,True,False,2866
0.565,0.45,0.175,1.0095,0.447,0.2375,0.2645,9,False,False,1132
0.42,0.325,0.125,0.3915,0.1575,0.1025,0.115,9,True,False,3228
0.665,0.525,0.18,1.429,0.6715,0.29,0.4,12,False,True,1968
0.435,0.335,0.11,0.383,0.1555,0.0675,0.135,12,True,False,2374
0.4,0.305,0.13,0.2935,0.096,0.0675,0.105,9,False,True,2494
0.2,0.14,0.055,0.035,0.0145,0.008,0.01,5,False,True,523
0.575,0.455,0.145,1.165,0.581,0.2275,0.3,14,False,True,340
0.62,0.47,0.14,0.8565,0.3595,0.16,0.295,9,True,False,1684
0.77,0.605,0.175,2.0505,0.8005,0.526,0.355,11,False,True,4148
0.495,0.385,0.125,0.585,0.2755,0.1235,0.165,8,True,False,2299
0.52,0.405,0.145,0.829,0.3535,0.1685,0.205,15,False,False,3352
0.47,0.375,0.125,0.5225,0.2265,0.104,0.162,8,True,False,3023
0.335,0.245,0.09,0.2015,0.096,0.0405,0.048,7,True,False,1222
0.385,0.255,0.1,0.3175,0.137,0.068,0.092,8,False,True,4162
0.57,0.455,0.15,1.107,0.54,0.255,0.27,8,False,False,986
0.305,0.225,0.07,0.1485,0.0585,0.0335,0.045,7,False,False,3384
0.415,0.34,0.13,0.3675,0.146,0.0885,0.12,10,False,False,662
0.48,0.375,0.12,0.5895,0.2535,0.128,0.172,11,False,True,2744
0.435,0.315,0.11,0.3685,0.1615,0.0715,0.12,7,True,False,1259
0.635,0.49,0.16,1.101,0.534,0.1865,0.3455,10,False,True,1389
0.605,0.475,0.155,1.161,0.572,0.2455,0.275,9,False,True,1005
0.545,0.44,0.12,0.8565,0.3475,0.1715,0.24,12,False,True,413
0.5,0.4,0.14,0.6615,0.2565,0.1755,0.22,8,False,False,55
0.545,0.41,0.115,0.6765,0.29,0.158,0.22,9,False,False,3165
0.685,0.54,0.215,1.7025,0.664,0.3655,0.4735,14,False,False,1186
0.49,0.375,0.135,0.6125,0.2555,0.102,0.22,11,False,False,116
0.515,0.39,0.155,0.7125,0.3695,0.137,0.155,7,False,True,971
0.525,0.395,0.12,0.608,0.297,0.1395,0.1405,8,True,False,1116
0.74,0.595,0.19,2.3235,1.1495,0.5115,0.505,11,False,True,2863
0.64,0.505,0.155,1.4025,0.705,0.2655,0.335,10,False,True,1021
0.455,0.37,0.11,0.514,0.2385,0.1235,0.126,8,True,False,3604
0.41,0.305,0.09,0.3535,0.157,0.0745,0.1,7,True,False,918
0.56,0.46,0.235,0.8395,0.3325,0.157,0.305,12,False,True,506
0.65,0.495,0.17,1.276,0.6215,0.2305,0.399,11,False,True,3693
0.36,0.27,0.09,0.232,0.12,0.0435,0.056,8,True,False,2818
0.64,0.515,0.165,1.3115,0.4945,0.2555,0.41,10,False,False,1951
0.6,0.495,0.165,1.2415,0.485,0.2775,0.34,15,False,True,254
0.52,0.405,0.125,0.6435,0.2415,0.1735,0.21,12,False,False,737
0.565,0.39,0.125,0.744,0.352,0.13,0.1685,11,False,True,1327
0.57,0.46,0.14,0.9535,0.4465,0.2065,0.245,12,False,True,352
0.6,0.475,0.135,1.4405,0.5885,0.191,0.3175,9,False,False,2528
0.525,0.385,0.13,0.607,0.2355,0.125,0.195,8,True,False,2754
0.52,0.405,0.115,0.776,0.32,0.1845,0.22,8,False,False,173
0.32,0.25,0.08,0.1565,0.057,0.034,0.06,9,True,False,3208
0.475,0.355,0.12,0.48,0.234,0.1015,0.135,8,False,True,65
0.55,0.43,0.13,0.8395,0.3155,0.1955,0.2405,10,False,True,4170
0.575,0.45,0.13,0.785,0.318,0.193,0.2265,9,False,True,1899
0.37,0.275,0.08,0.2325,0.093,0.056,0.072,6,True,False,4065
0.595,0.435,0.16,1.057,0.4255,0.224,0.31,9,False,True,2841
0.485,0.39,0.085,0.6435,0.2945,0.103,0.198,8,False,True,1460
0.44,0.34,0.1,0.379,0.1725,0.0815,0.101,7,True,False,3114
0.39,0.3,0.095,0.3265,0.1665,0.0575,0.089,7,True,False,1246
0.745,0.57,0.215,2.25,1.1565,0.446,0.558,9,False,False,1426
0.745,0.565,0.215,1.931,0.896,0.4585,0.5,11,False,True,1205
0.495,0.37,0.125,0.4715,0.2075,0.091,0.15,8,True,False,1578
0.575,0.46,0.19,0.994,0.392,0.2425,0.34,13,False,False,156
0.535,0.42,0.145,0.6885,0.273,0.1515,0.237,9,True,False,3032
0.635,0.51,0.17,1.3555,0.619,0.305,0.39,9,False,True,876
0.415,0.3,0.1,0.3355,0.1545,0.0685,0.095,7,False,True,2095
0.54,0.415,0.11,0.619,0.2755,0.15,0.1765,10,True,False,2895
0.565,0.43,0.135,0.8545,0.321,0.1775,0.275,11,True,False,3919
0.62,0.51,0.18,1.233,0.592,0.274,0.322,10,False,False,3504
0.495,0.395,0.125,0.5415,0.2375,0.1345,0.155,9,False,True,110
0.63,0.49,0.165,1.2005,0.575,0.273,0.294,10,False,True,2849
0.28,0.215,0.08,0.132,0.072,0.022,0.033,5,True,False,2038
0.525,0.4,0.155,0.707,0.282,0.1605,0.225,9,False,True,1595
0.475,0.385,0.12,0.562,0.289,0.0905,0.153,8,False,True,3817
0.245,0.19,0.06,0.086,0.042,0.014,0.025,4,True,False,58
0.47,0.35,0.13,0.466,0.1845,0.099,0.145,11,True,False,652
0.62,0.495,0.18,1.2555,0.5765,0.254,0.355,12,False,True,1377
0.665,0.505,0.165,1.349,0.5985,0.3175,0.36,9,False,False,2698
0.59,0.465,0.14,1.046,0.4695,0.263,0.263,7,False,True,2592
0.7,0.575,0.205,1.7975,0.7295,0.3935,0.5165,13,False,False,2622
0.46,0.35,0.11,0.4,0.176,0.083,0.1205,7,True,False,1564
0.355,0.265,0.09,0.168,0.05,0.041,0.063,8,False,True,635
0.65,0.475,0.165,1.3875,0.58,0.3485,0.3095,9,False,False,3591
0.69,0.525,0.2,1.7825,0.9165,0.3325,0.461,12,False,True,1523
0.41,0.335,0.115,0.4405,0.19,0.085,0.135,8,False,True,3855
0.45,0.35,0.11,0.514,0.253,0.1045,0.14,8,True,False,3541
0.5,0.385,0.145,0.7615,0.246,0.195,0.204,14,False,True,2488
0.605,0.475,0.175,1.201,0.5395,0.275,0.309,10,False,True,2531
0.655,0.54,0.215,1.5555,0.695,0.296,0.444,11,False,False,1514
0.605,0.45,0.195,1.098,0.481,0.2895,0.315,13,False,False,74
0.55,0.385,0.13,0.7275,0.343,0.1625,0.19,8,False,True,4079
0.46,0.35,0.105,0.3705,0.1575,0.077,0.114,9,True,False,1266
0.51,0.34,0.18,0.7005,0.312,0.165,0.2,11,False,False,3331
0.55,0.43,0.15,0.655,0.2635,0.122,0.221,8,False,False,3098
0.595,0.495,0.235,1.366,0.5065,0.219,0.52,13,False,False,2212
0.525,0.39,0.135,0.6005,0.2265,0.131,0.21,16,False,False,2383
0.41,0.305,0.1,0.363,0.1735,0.065,0.11,11,False,False,584
0.675,0.55,0.175,1.689,0.694,0.371,0.474,13,False,False,2540
0.525,0.4,0.17,0.7305,0.279,0.2055,0.195,11,False,True,688
0.33,0.26,0.08,0.2,0.0625,0.05,0.07,9,False,False,2501
0.65,0.525,0.175,1.5365,0.6865,0.3585,0.405,11,False,True,1401
0.415,0.315,0.105,0.33,0.1405,0.0705,0.095,6,True,False,2508
0.5,0.39,0.13,0.709,0.275,0.168,0.18,11,False,True,2465
0.355,0.265,0.085,0.2435,0.122,0.0525,0.06,6,True,False,3474
0.63,0.515,0.16,1.016,0.4215,0.244,0.355,19,False,True,365
0.575,0.485,0.165,1.0405,0.419,0.264,0.3,14,False,False,2192
0.7,0.585,0.185,1.8075,0.7055,0.3215,0.475,29,False,False,480
0.64,0.485,0.15,1.098,0.5195,0.222,0.3175,10,False,True,2798
