Sex,Length,Diameter,Height,Whole weight,Shucked weight,Viscera weight,Shell weight,Rings,sampleNum
M,0.56,0.45,0.16,0.922,0.432,0.178,0.26,15,198
M,0.625,0.49,0.165,1.1165,0.4895,0.2615,0.3325,11,1688
I,0.475,0.365,0.12,0.53,0.2505,0.0975,0.1625,10,2516
I,0.39,0.28,0.09,0.215,0.0845,0.034,0.079,8,3013
M,0.515,0.425,0.145,0.9365,0.497,0.181,0.2185,8,1466
F,0.69,0.55,0.18,1.659,0.8715,0.2655,0.4395,9,2541
F,0.48,0.385,0.135,0.536,0.1895,0.142,0.173,14,701
M,0.575,0.455,0.155,1.013,0.4685,0.2085,0.295,11,1902
I,0.535,0.45,0.135,0.728,0.2845,0.1845,0.265,9,3765
M,0.64,0.525,0.2,1.3765,0.44,0.3075,0.47,16,3224
F,0.425,0.35,0.1,0.4425,0.175,0.0755,0.175,7,3835
F,0.345,0.25,0.09,0.203,0.078,0.059,0.055,6,519
I,0.55,0.415,0.15,0.7915,0.3535,0.176,0.236,10,3661
F,0.495,0.38,0.12,0.573,0.2655,0.1285,0.144,7,1462
I,0.56,0.425,0.145,0.688,0.3095,0.1305,0.2165,9,1321
M,0.61,0.485,0.175,1.2445,0.544,0.297,0.345,12,162
M,0.635,0.515,0.17,1.275,0.509,0.286,0.34,16,354
I,0.43,0.315,0.115,0.384,0.1885,0.0715,0.11,8,4153
I,0.35,0.255,0.09,0.1785,0.0855,0.0305,0.0525,8,1227
F,0.5,0.44,0.155,0.742,0.2025,0.2005,0.2115,14,2479
F,0.625,0.49,0.19,1.7015,0.7465,0.4105,0.3855,11,4092
M,0.54,0.42,0.12,0.8115,0.392,0.1455,0.2235,9,2521
I,0.35,0.27,0.09,0.2055,0.075,0.0575,0.062,6,817
F,0.55,0.415,0.135,0.775,0.302,0.179,0.26,23,2305
I,0.36,0.27,0.085,0.2185,0.1065,0.038,0.062,6,2001
F,0.485,0.38,0.15,0.605,0.2155,0.14,0.18,15,667
M,0.595,0.47,0.145,0.991,0.4035,0.1505,0.34,16,2313
I,0.41,0.305,0.095,0.2625,0.1,0.0515,0.09,6,2873
M,0.625,0.5,0.18,1.3705,0.645,0.303,0.3705,12,4091
M,0.63,0.51,0.23,1.539,0.5635,0.2815,0.57,17,2213
I,0.455,0.435,0.11,0.4265,0.195,0.09,0.1205,8,3542
M,0.5,0.4,0.13,0.7715,0.37,0.16,0.211,8,2518
M,0.565,0.47,0.195,1.142,0.387,0.258,0.35,17,2211
F,0.655,0.515,0.17,1.527,0.8485,0.2635,0.331,11,2856
I,0.59,0.47,0.145,0.974,0.453,0.236,0.289,8,3048
M,0.43,0.33,0.095,0.34,0.1315,0.085,0.112,14,3342
I,0.475,0.35,0.1,0.4545,0.2165,0.111,0.115,7,1096
F,0.58,0.48,0.18,1.2495,0.4945,0.27,0.371,8,3418
F,0.55,0.47,0.15,0.897,0.377,0.184,0.29,9,2163
F,0.615,0.5,0.165,1.1765,0.488,0.244,0.345,17,3897
I,0.475,0.335,0.1,0.4425,0.1895,0.086,0.135,9,3645
I,0.505,0.385,0.12,0.6005,0.239,0.142,0.185,7,2577
F,0.545,0.415,0.16,0.7715,0.272,0.1455,0.2765,10,474
M,0.53,0.415,0.175,0.7395,0.261,0.1395,0.2645,17,475
F,0.53,0.435,0.17,0.8155,0.2985,0.155,0.275,13,203
I,0.415,0.325,0.1,0.313,0.139,0.0625,0.0965,7,1556
M,0.73,0.575,0.21,2.069,0.9285,0.409,0.643,11,1823
M,0.715,0.525,0.2,1.89,0.95,0.436,0.4305,10,3627
F,0.59,0.46,0.16,1.0115,0.445,0.2615,0.2565,8,2671
F,0.62,0.51,0.15,1.456,0.581,0.2875,0.32,13,2263
I,0.48,0.355,0.115,0.4725,0.2065,0.112,0.132,8,1276
I,0.405,0.315,0.105,0.347,0.1605,0.0785,0.1,9,2284
M,0.545,0.45,0.15,0.7805,0.3795,0.1625,0.216,8,4075
M,0.555,0.43,0.165,0.7575,0.2735,0.1635,0.275,13,2230
I,0.37,0.27,0.095,0.232,0.1325,0.041,0.0615,6,1433
M,0.595,0.465,0.15,0.919,0.4335,0.1765,0.262,9,2075
F,0.71,0.55,0.17,1.614,0.743,0.345,0.45,11,1420
F,0.595,0.45,0.15,1.114,0.5865,0.2205,0.25,11,1000
M,0.465,0.375,0.11,0.5,0.21,0.113,0.1505,8,2512
M,0.625,0.49,0.12,0.8765,0.456,0.18,0.233,10,2940
I,0.54,0.41,0.135,0.7025,0.31,0.177,0.2,8,3557
I,0.535,0.42,0.145,0.6885,0.273,0.1515,0.237,9,3032
F,0.65,0.51,0.185,1.375,0.531,0.384,0.3985,10,1960
M,0.385,0.3,0.115,0.3435,0.1645,0.085,0.1025,6,3849
F,0.61,0.48,0.175,1.0675,0.391,0.216,0.42,15,2267
I,0.235,0.175,0.055,0.067,0.027,0.0125,0.018,6,812
M,0.715,0.535,0.19,1.6755,0.889,0.313,0.42,10,1198
M,0.575,0.465,0.12,1.0535,0.516,0.2185,0.235,9,3772
F,0.38,0.305,0.105,0.281,0.1045,0.0615,0.09,12,663
I,0.47,0.365,0.1,0.411,0.175,0.0855,0.135,8,1269
I,0.53,0.42,0.13,0.8365,0.3745,0.167,0.249,11,1599
F,0.58,0.445,0.145,0.888,0.41,0.1815,0.2425,8,2590
M,0.61,0.47,0.15,1.1625,0.565,0.258,0.3085,11,1007
I,0.33,0.205,0.095,0.1595,0.077,0.032,0.0435,5,1221
I,0.305,0.215,0.065,0.1075,0.044,0.0205,0.038,5,1215
F,0.625,0.49,0.11,1.136,0.5265,0.1915,0.2925,9,2997
I,0.415,0.31,0.11,0.2965,0.123,0.057,0.0995,10,458
I,0.39,0.29,0.1,0.2225,0.095,0.0465,0.073,7,1553
M,0.34,0.265,0.085,0.1835,0.077,0.046,0.065,10,629
M,0.5,0.38,0.12,0.5765,0.273,0.135,0.145,9,2648
I,0.355,0.27,0.075,0.204,0.3045,0.046,0.0595,7,3086
M,0.62,0.495,0.195,1.5145,0.579,0.346,0.5195,15,1933
I,0.515,0.4,0.135,0.6965,0.32,0.1255,0.175,9,1292
I,0.42,0.305,0.1,0.3415,0.1645,0.0775,0.086,7,4107
I,0.31,0.235,0.09,0.127,0.048,0.031,0.04,6,3376
F,0.605,0.49,0.15,1.1345,0.5265,0.2645,0.295,9,1004
M,0.45,0.34,0.13,0.3715,0.1605,0.0795,0.105,9,644
M,0.595,0.475,0.16,1.3175,0.408,0.234,0.58,21,83
M,0.705,0.565,0.515,2.21,1.1075,0.4865,0.512,10,1417
M,0.63,0.53,0.18,1.2795,0.618,0.256,0.315,9,2942
M,0.48,0.355,0.16,0.464,0.221,0.106,0.239,8,1574
I,0.55,0.445,0.125,0.672,0.288,0.1365,0.21,11,4038
M,0.57,0.44,0.155,1.116,0.4775,0.2315,0.27,13,758
F,0.55,0.415,0.18,1.1655,0.502,0.301,0.311,9,3731
F,0.75,0.615,0.205,2.2635,0.821,0.423,0.726,12,3008
M,0.6,0.47,0.15,0.928,0.4225,0.183,0.275,8,3575
F,0.65,0.5,0.165,1.1445,0.485,0.218,0.365,12,2306
I,0.45,0.33,0.115,0.365,0.14,0.0825,0.1245,8,3019
F,0.705,0.55,0.17,1.219,0.6395,0.236,0.301,9,1195
I,0.485,0.39,0.125,0.591,0.287,0.141,0.12,9,554
I,0.345,0.255,0.085,0.2005,0.105,0.037,0.05,5,1225
I,0.52,0.41,0.14,0.5995,0.242,0.1375,0.182,11,4035
I,0.415,0.335,0.1,0.358,0.169,0.067,0.105,7,2733
M,0.65,0.51,0.19,1.542,0.7155,0.3735,0.375,9,1402
F,0.64,0.475,0.14,1.0725,0.4895,0.2295,0.31,8,1809
I,0.325,0.25,0.075,0.1585,0.075,0.0305,0.0455,6,2867
F,0.47,0.375,0.125,0.5615,0.252,0.137,0.18,10,392
M,0.48,0.365,0.12,0.6015,0.312,0.117,0.14,7,952
F,0.575,0.45,0.1,0.9315,0.431,0.222,0.235,12,3888
I,0.435,0.34,0.11,0.407,0.1685,0.073,0.13,10,3355
F,0.62,0.51,0.205,1.3475,0.4775,0.2565,0.48,14,341
F,0.475,0.36,0.125,0.447,0.1695,0.081,0.14,9,649
I,0.24,0.18,0.055,0.0555,0.0235,0.013,0.018,4,1825
I,0.225,0.165,0.055,0.059,0.027,0.0125,0.015,4,1057
I,0.4,0.315,0.09,0.3245,0.151,0.073,0.088,8,2872
F,0.43,0.335,0.12,0.444,0.155,0.1145,0.14,13,698
M,0.735,0.59,0.225,1.756,0.637,0.3405,0.58,21,478
I,0.605,0.435,0.13,0.9025,0.432,0.174,0.26,11,1360
M,0.505,0.38,0.13,0.656,0.227,0.1785,0.22,13,733
M,0.67,0.505,0.16,1.2585,0.6255,0.311,0.308,12,1734
M,0.57,0.445,0.14,1.0635,0.5265,0.2195,0.24,8,987
M,0.52,0.4,0.12,0.823,0.298,0.1805,0.265,15,732
F,0.63,0.485,0.17,1.3205,0.5945,0.345,0.345,9,1384
M,0.7,0.525,0.175,1.7585,0.8745,0.3615,0.47,10,2704
I,0.62,0.485,0.18,1.1785,0.4675,0.2655,0.39,13,641
M,0.655,0.58,0.205,2.0805,0.959,0.3415,0.601,17,882
M,0.53,0.415,0.12,0.706,0.3355,0.1635,0.1345,9,3095
M,0.645,0.51,0.19,1.4745,0.605,0.345,0.48,9,1709
M,0.565,0.445,0.15,0.796,0.3635,0.184,0.219,8,1326
M,0.515,0.42,0.14,0.769,0.2505,0.154,0.29,13,2317
F,0.525,0.41,0.115,0.7745,0.416,0.163,0.18,7,3980
M,0.69,0.55,0.18,1.6915,0.6655,0.402,0.5,11,1975
M,0.355,0.265,0.085,0.201,0.069,0.053,0.0695,8,713
F,0.655,0.53,0.19,1.428,0.493,0.318,0.565,18,3279
M,0.535,0.405,0.185,0.8345,0.3175,0.1725,0.29,16,683
I,0.425,0.325,0.115,0.3685,0.162,0.0865,0.1045,7,1079
F,0.57,0.44,0.19,1.018,0.447,0.207,0.265,9,3859
I,0.45,0.335,0.095,0.3505,0.1615,0.0625,0.1185,7,2739
F,0.62,0.48,0.23,1.0935,0.403,0.245,0.355,14,2276
I,0.365,0.26,0.115,0.218,0.0935,0.0445,0.07,9,522
M,0.625,0.505,0.185,1.1565,0.52,0.2405,0.3535,10,1938
I,0.465,0.37,0.1,0.5055,0.234,0.11,0.14,7,3440
M,0.55,0.435,0.11,0.806,0.3415,0.203,0.215,9,3158
I,0.315,0.23,0.07,0.144,0.053,0.0305,0.04,8,904
F,0.515,0.4,0.115,0.578,0.191,0.1445,0.17,9,3872
M,0.575,0.44,0.185,1.025,0.5075,0.2245,0.2485,10,1793
I,0.525,0.4,0.14,0.601,0.2625,0.1285,0.1835,9,1114
M,0.55,0.44,0.135,0.879,0.368,0.2095,0.265,10,2154
M,0.57,0.46,0.155,1.0005,0.454,0.205,0.265,11,1894
I,0.56,0.445,0.165,0.832,0.3455,0.179,0.279,9,1887
M,0.63,0.49,0.155,1.229,0.535,0.29,0.335,11,4138
M,0.585,0.46,0.165,1.1135,0.5825,0.2345,0.274,10,1343
F,0.62,0.485,0.165,1.166,0.483,0.238,0.355,13,3310
M,0.375,0.28,0.095,0.2225,0.0875,0.043,0.08,10,3921
F,0.45,0.36,0.105,0.4715,0.2035,0.0935,0.149,9,2349
I,0.42,0.325,0.11,0.325,0.1245,0.0755,0.1025,7,3603
I,0.575,0.45,0.145,0.795,0.364,0.1505,0.26,10,3771
M,0.63,0.495,0.175,1.2695,0.605,0.271,0.328,11,1698
M,0.365,0.285,0.085,0.2205,0.0855,0.0515,0.07,9,3398
F,0.475,0.375,0.125,0.5785,0.2775,0.085,0.155,10,99
F,0.655,0.52,0.2,1.5475,0.713,0.314,0.466,9,1813
F,0.695,0.56,0.22,1.834,0.8455,0.422,0.455,11,890
I,0.25,0.175,0.06,0.0635,0.0275,0.008,0.02,4,2713
I,0.485,0.375,0.13,0.5535,0.266,0.112,0.157,8,2643
M,0.61,0.49,0.16,1.146,0.597,0.246,0.265,8,4009
I,0.615,0.49,0.155,0.9885,0.4145,0.195,0.345,13,551
M,0.62,0.51,0.175,1.1505,0.4375,0.2265,0.4,12,2128
I,0.52,0.4,0.13,0.5825,0.233,0.1365,0.18,10,1293
I,0.61,0.465,0.15,0.9605,0.4495,0.1725,0.286,9,1366
M,0.53,0.435,0.155,0.699,0.288,0.1595,0.205,10,286
I,0.5,0.385,0.11,0.596,0.3015,0.104,0.151,8,3446
M,0.575,0.435,0.13,1.0105,0.368,0.222,0.32,10,3393
I,0.46,0.345,0.11,0.3755,0.1525,0.058,0.125,7,2638
M,0.65,0.525,0.19,1.3685,0.5975,0.296,0.4,11,3699
M,0.665,0.505,0.16,1.289,0.6145,0.253,0.3665,11,1730
F,0.68,0.56,0.195,1.7775,0.861,0.322,0.415,11,888
I,0.635,0.48,0.2,1.3655,0.6255,0.2595,0.425,16,3327
M,0.6,0.465,0.155,1.262,0.6245,0.2455,0.33,10,3984
M,0.67,0.525,0.18,1.4915,0.728,0.343,0.381,9,4099
F,0.52,0.405,0.145,0.829,0.3535,0.1685,0.205,15,3352
I,0.36,0.275,0.11,0.2335,0.095,0.0525,0.085,10,440
I,0.435,0.33,0.125,0.406,0.1685,0.1055,0.096,12,567
F,0.68,0.515,0.175,1.6185,0.5125,0.409,0.62,12,169
F,0.68,0.505,0.17,1.3435,0.657,0.297,0.355,12,2968
I,0.585,0.45,0.15,0.8915,0.3975,0.2035,0.253,8,1797
M,0.6,0.475,0.15,1.089,0.5195,0.223,0.292,11,3421
M,0.65,0.525,0.175,1.5365,0.6865,0.3585,0.405,11,1401
M,0.535,0.42,0.15,0.6995,0.2575,0.153,0.24,12,594
M,0.525,0.415,0.145,0.845,0.3525,0.1635,0.2875,8,1591
M,0.555,0.455,0.16,1.0575,0.3925,0.228,0.293,13,721
F,0.625,0.49,0.175,1.233,0.5565,0.247,0.365,11,580
F,0.345,0.26,0.09,0.207,0.0775,0.0435,0.0765,10,707
M,0.765,0.6,0.22,2.302,1.007,0.509,0.6205,12,1052
M,0.67,0.55,0.17,1.247,0.472,0.2455,0.4,21,2344
I,0.435,0.335,0.1,0.3295,0.129,0.07,0.11,7,1559
I,0.42,0.305,0.11,0.28,0.094,0.0785,0.0955,9,2414
M,0.43,0.335,0.12,0.397,0.1985,0.0865,0.1035,7,1080
M,0.505,0.385,0.115,0.4825,0.21,0.1035,0.1535,10,2018
F,0.585,0.46,0.17,1.0835,0.3745,0.326,0.325,14,3212
F,0.325,0.26,0.09,0.1915,0.085,0.036,0.062,7,132
M,0.355,0.28,0.095,0.2455,0.0955,0.062,0.075,11,20
M,0.71,0.565,0.2,1.601,0.706,0.321,0.45,11,2809
F,0.57,0.465,0.18,1.295,0.339,0.2225,0.44,12,85
M,0.58,0.465,0.175,1.035,0.401,0.1865,0.385,17,2221
M,0.43,0.335,0.115,0.406,0.166,0.0935,0.135,8,2258
M,0.505,0.39,0.105,0.6555,0.2595,0.18,0.19,11,3940
I,0.19,0.13,0.03,0.0295,0.0155,0.015,0.01,6,2171
F,0.58,0.45,0.17,0.9705,0.4615,0.232,0.248,9,2908
M,0.605,0.47,0.115,1.114,0.3925,0.291,0.31,15,3168
I,0.365,0.27,0.085,0.1875,0.081,0.042,0.058,6,1229
I,0.28,0.2,0.075,0.1225,0.0545,0.0115,0.035,5,2153
M,0.64,0.515,0.165,1.369,0.632,0.3415,0.358,10,1175
I,0.305,0.225,0.09,0.1465,0.063,0.034,0.0415,6,1535
F,0.58,0.455,0.17,0.9075,0.374,0.2135,0.285,13,158
M,0.575,0.445,0.16,0.839,0.4005,0.198,0.239,9,1641
F,0.535,0.42,0.13,0.699,0.3125,0.1565,0.2035,8,2065
M,0.605,0.49,0.165,1.1245,0.492,0.222,0.3555,11,3677
I,0.315,0.24,0.07,0.137,0.0545,0.0315,0.04,8,2312
I,0.51,0.405,0.135,0.769,0.3655,0.1585,0.18,7,967
M,0.64,0.52,0.2,1.407,0.566,0.304,0.455,17,2339
I,0.295,0.22,0.07,0.126,0.0515,0.0275,0.035,6,2551
I,0.435,0.345,0.12,0.4475,0.221,0.112,0.125,7,2283
F,0.65,0.495,0.16,1.3105,0.577,0.3315,0.355,9,4098
F,0.595,0.465,0.145,1.107,0.402,0.2415,0.31,12,3269
M,0.69,0.525,0.175,1.7005,0.8255,0.362,0.405,8,1044
M,0.61,0.475,0.165,1.116,0.428,0.2205,0.315,15,292
I,0.34,0.26,0.08,0.2,0.08,0.0555,0.055,6,347
M,0.335,0.265,0.105,0.222,0.0935,0.056,0.075,7,324
M,0.405,0.305,0.12,0.3185,0.1235,0.0905,0.095,7,805
F,0.815,0.65,0.25,2.255,0.8905,0.42,0.7975,14,1428
F,0.61,0.47,0.195,1.2735,0.469,0.3315,0.398,12,2927
M,0.62,0.51,0.175,1.615,0.5105,0.192,0.675,12,81
M,0.62,0.465,0.19,1.3415,0.5705,0.3175,0.355,11,335
I,0.485,0.37,0.115,0.457,0.1885,0.0965,0.15,9,1851
I,0.27,0.19,0.06,0.099,0.0445,0.017,0.03,5,3964
I,0.385,0.28,0.095,0.257,0.119,0.059,0.07,7,1549
M,0.575,0.455,0.185,1.156,0.5525,0.243,0.295,13,3293
M,0.36,0.295,0.105,0.241,0.0865,0.053,0.095,8,328
F,0.44,0.34,0.105,0.364,0.148,0.0805,0.1175,8,560
I,0.48,0.355,0.115,0.5785,0.25,0.106,0.184,8,3412
I,0.465,0.365,0.115,0.467,0.2315,0.0925,0.113,7,941
F,0.67,0.525,0.195,1.42,0.573,0.368,0.3905,10,3625
I,0.53,0.43,0.135,0.6255,0.245,0.1455,0.2135,10,1597
F,0.58,0.455,0.155,0.8365,0.315,0.1385,0.32,18,318
M,0.57,0.435,0.145,0.9055,0.3925,0.2355,0.275,10,309
I,0.555,0.46,0.145,0.9005,0.3845,0.158,0.2765,11,1618
M,0.59,0.475,0.14,0.977,0.4625,0.2025,0.275,10,2780
F,0.515,0.43,0.14,0.834,0.367,0.2,0.23,8,970
M,0.58,0.475,0.15,0.97,0.385,0.2165,0.35,11,179
M,0.625,0.505,0.175,1.131,0.5425,0.2265,0.323,8,4013
M,0.55,0.43,0.15,0.8745,0.413,0.1905,0.248,9,1313
M,0.61,0.475,0.175,1.024,0.409,0.261,0.322,9,2994
M,0.55,0.43,0.16,0.9295,0.317,0.1735,0.355,13,2182
F,0.54,0.42,0.14,0.805,0.369,0.1725,0.21,11,846
I,0.37,0.275,0.1,0.22,0.094,0.045,0.065,7,803
I,0.37,0.28,0.085,0.217,0.1095,0.035,0.062,6,1233
I,0.375,0.28,0.08,0.2235,0.115,0.043,0.055,6,3998
M,0.41,0.3,0.1,0.301,0.124,0.069,0.09,9,3362
M,0.62,0.48,0.15,1.1015,0.4965,0.243,0.305,10,2682
M,0.465,0.34,0.105,0.486,0.231,0.1035,0.1225,9,2571
M,0.6,0.495,0.195,1.0575,0.384,0.19,0.375,26,294
M,0.75,0.55,0.18,1.893,0.942,0.397,0.445,11,1530
M,0.575,0.45,0.165,0.9215,0.3275,0.225,0.256,12,793
F,0.665,0.52,0.165,1.6885,0.7295,0.407,0.4265,11,3468
I,0.485,0.375,0.13,0.6025,0.2935,0.1285,0.16,7,1575
I,0.275,0.205,0.07,0.1055,0.495,0.019,0.0315,5,2627
I,0.365,0.255,0.08,0.1985,0.0785,0.0345,0.053,5,1432
I,0.285,0.21,0.055,0.101,0.0415,0.017,0.0335,5,1532
F,0.635,0.505,0.155,1.2895,0.594,0.314,0.345,11,1945
M,0.615,0.495,0.2,1.304,0.5795,0.3115,0.371,14,3616
F,0.44,0.34,0.14,0.482,0.186,0.1085,0.16,9,205
I,0.49,0.39,0.12,0.511,0.2205,0.103,0.1745,9,3648
M,0.6,0.47,0.155,1.036,0.4375,0.196,0.325,20,431
M,0.425,0.33,0.08,0.361,0.134,0.0825,0.125,7,2097
F,0.55,0.45,0.145,0.741,0.295,0.1435,0.2665,10,141
I,0.47,0.375,0.105,0.468,0.1665,0.108,0.17,10,3349
F,0.705,0.55,0.2,1.7095,0.633,0.4115,0.49,13,34
I,0.46,0.36,0.105,0.466,0.2225,0.099,0.11,7,1265
I,0.505,0.4,0.145,0.7045,0.334,0.1425,0.207,8,1857
M,0.615,0.53,0.17,1.12,0.5775,0.2095,0.286,9,4011
I,0.435,0.345,0.12,0.3215,0.13,0.056,0.1185,7,1844
F,0.71,0.565,0.195,1.817,0.785,0.492,0.49,11,2162
F,0.6,0.48,0.165,1.1345,0.4535,0.27,0.335,10,3211
M,0.66,0.495,0.195,1.6275,0.594,0.3595,0.485,10,1038
M,0.335,0.25,0.09,0.181,0.0755,0.0415,0.06,7,211
I,0.275,0.195,0.07,0.0875,0.0345,0.022,0.0255,4,2548
M,0.615,0.49,0.17,1.145,0.4915,0.208,0.343,13,3057
I,0.255,0.185,0.07,0.075,0.028,0.018,0.025,6,2342
I,0.51,0.39,0.125,0.597,0.293,0.1265,0.1555,8,4003
I,0.3,0.22,0.065,0.1235,0.059,0.026,0.0315,5,3106
F,0.475,0.39,0.12,0.5305,0.2135,0.1155,0.17,10,68
F,0.525,0.42,0.16,0.756,0.2745,0.173,0.275,9,346
F,0.615,0.5,0.165,1.327,0.6,0.3015,0.355,10,2601
I,0.36,0.27,0.085,0.196,0.0905,0.034,0.053,7,2002
F,0.675,0.53,0.175,1.4465,0.6775,0.33,0.389,10,1816
F,0.585,0.445,0.14,0.913,0.4305,0.2205,0.253,10,1647
I,0.5,0.375,0.14,0.5495,0.248,0.112,0.1585,7,1099
I,0.63,0.465,0.15,1.0315,0.4265,0.24,0.325,11,3586
I,0.28,0.21,0.075,0.1195,0.053,0.0265,0.03,6,1989
M,0.565,0.425,0.1,0.7145,0.3055,0.166,0.18,12,2135
F,0.655,0.51,0.15,1.043,0.4795,0.223,0.305,9,1722
M,0.705,0.56,0.165,1.675,0.797,0.4095,0.388,10,1526
I,0.335,0.25,0.075,0.1825,0.0705,0.044,0.055,7,908
I,0.165,0.12,0.03,0.0215,0.007,0.005,0.005,3,306
F,0.7,0.555,0.22,1.666,0.647,0.4285,0.455,11,3079
M,0.635,0.485,0.18,1.1795,0.4785,0.2775,0.355,10,2947
M,0.53,0.415,0.13,0.8425,0.275,0.1945,0.265,20,744
I,0.315,0.23,0.08,0.1375,0.0545,0.031,0.0445,5,1217
M,0.485,0.395,0.14,0.6295,0.2285,0.127,0.225,14,283
I,0.475,0.365,0.12,0.5185,0.268,0.1095,0.1365,8,2015
M,0.74,0.57,0.18,1.8725,0.9115,0.427,0.446,10,1529
M,0.58,0.45,0.14,0.824,0.3465,0.1765,0.263,10,4130
M,0.63,0.505,0.225,1.525,0.56,0.3335,0.45,15,273
M,0.645,0.485,0.155,1.489,0.5915,0.312,0.38,18,2476
I,0.24,0.185,0.07,0.0715,0.026,0.018,0.025,6,462
F,0.705,0.545,0.17,1.58,0.6435,0.4565,0.265,11,1748
F,0.465,0.35,0.135,0.6265,0.259,0.1445,0.175,8,2513
F,0.62,0.5,0.15,1.293,0.596,0.3135,0.354,10,1378
M,0.595,0.48,0.14,0.9125,0.4095,0.1825,0.289,9,3051
F,0.48,0.4,0.125,0.759,0.2125,0.179,0.24,15,807
F,0.62,0.49,0.16,1.056,0.493,0.244,0.2725,9,2079
I,0.47,0.38,0.125,0.4845,0.211,0.1075,0.142,6,1094
F,0.42,0.32,0.13,0.4135,0.1645,0.106,0.119,10,3226
I,0.325,0.25,0.055,0.166,0.076,0.051,0.045,5,2110
M,0.61,0.48,0.165,1.2435,0.5575,0.2675,0.372,8,2078
I,0.525,0.4,0.125,0.6965,0.369,0.1385,0.164,9,1295
I,0.54,0.435,0.145,0.97,0.4285,0.22,0.264,17,3340
F,0.63,0.495,0.19,1.1655,0.536,0.2115,0.1625,10,3128
M,0.48,0.375,0.115,0.6765,0.3205,0.1065,0.17,6,949
F,0.505,0.41,0.15,0.644,0.285,0.145,0.21,11,196
F,0.525,0.41,0.15,0.708,0.274,0.151,0.25,12,3874
M,0.655,0.53,0.195,1.388,0.567,0.2735,0.41,13,467
F,0.625,0.485,0.175,1.3745,0.7335,0.2715,0.332,9,1170
I,0.395,0.31,0.085,0.317,0.153,0.0505,0.0935,7,4066
I,0.545,0.43,0.15,0.7285,0.302,0.1315,0.2545,10,1309
I,0.33,0.265,0.09,0.18,0.068,0.036,0.06,6,2288
M,0.605,0.47,0.18,1.1405,0.3755,0.2805,0.385,15,380
M,0.6,0.51,0.185,1.285,0.6095,0.2745,0.315,9,2785
F,0.54,0.475,0.155,0.928,0.394,0.194,0.26,11,260
M,0.515,0.385,0.13,0.623,0.2855,0.1285,0.175,10,3808
M,0.76,0.575,0.19,1.829,0.7035,0.386,0.56,14,3896
M,0.595,0.455,0.15,1.044,0.518,0.2205,0.27,9,1003
F,0.635,0.525,0.18,1.3695,0.634,0.318,0.363,11,2999
F,0.575,0.47,0.165,0.869,0.435,0.197,0.238,9,1139
F,0.565,0.45,0.135,0.9885,0.387,0.1495,0.31,12,154
F,0.475,0.36,0.12,0.5915,0.3245,0.11,0.127,6,948
I,0.415,0.305,0.12,0.336,0.165,0.076,0.0805,7,2046
M,0.53,0.425,0.13,0.702,0.2975,0.1395,0.22,9,3760
I,0.41,0.31,0.11,0.315,0.124,0.082,0.095,9,2102
I,0.47,0.375,0.12,0.487,0.196,0.099,0.135,8,1847
I,0.275,0.2,0.07,0.096,0.037,0.0225,0.03,6,4023
F,0.67,0.52,0.19,1.32,0.5235,0.3095,0.4275,13,1736
I,0.575,0.445,0.16,0.9175,0.45,0.1935,0.24,9,3044
I,0.475,0.35,0.125,0.4225,0.1905,0.079,0.1355,9,3646
F,0.685,0.535,0.175,1.5845,0.7175,0.3775,0.4215,9,1817
I,0.49,0.38,0.12,0.529,0.2165,0.139,0.155,11,421
F,0.43,0.325,0.12,0.445,0.165,0.0995,0.155,8,2214
F,0.72,0.525,0.18,1.445,0.631,0.3215,0.435,7,1755
M,0.65,0.525,0.19,1.6125,0.777,0.3685,0.3965,11,1811
F,0.635,0.5,0.15,1.376,0.6495,0.361,0.31,10,877
I,0.505,0.38,0.135,0.5385,0.2645,0.095,0.165,9,2749
M,0.625,0.47,0.145,1.7855,0.675,0.247,0.3245,13,4052
F,0.57,0.45,0.175,0.9555,0.38,0.1665,0.295,18,430
M,0.6,0.46,0.155,0.9595,0.4455,0.189,0.295,11,1357
F,0.705,0.57,0.18,1.5345,0.96,0.4195,0.43,12,1419
M,0.67,0.525,0.18,1.6615,0.8005,0.3645,0.43,10,3514
F,0.515,0.42,0.135,0.6295,0.2815,0.127,0.215,9,2332
M,0.615,0.47,0.15,1.0875,0.4975,0.283,0.2685,9,1927
I,0.47,0.36,0.13,0.5225,0.198,0.1065,0.165,9,633
M,0.555,0.435,0.135,0.858,0.377,0.1585,0.29,15,3240
I,0.415,0.325,0.1,0.3335,0.1445,0.0715,0.095,7,2559
M,0.615,0.475,0.17,1.129,0.4795,0.302,0.3,10,1373
I,0.47,0.355,0.115,0.4155,0.167,0.084,0.139,7,3483
I,0.32,0.24,0.07,0.133,0.0585,0.0255,0.041,6,1995
F,0.52,0.425,0.15,0.813,0.385,0.2015,0.23,10,2301
F,0.58,0.45,0.185,0.9955,0.3945,0.272,0.285,11,26
I,0.275,0.2,0.065,0.1165,0.0565,0.013,0.035,7,3160
M,0.195,0.145,0.05,0.032,0.01,0.008,0.012,4,611
M,0.52,0.425,0.155,0.7735,0.297,0.123,0.255,17,3271
M,0.46,0.35,0.125,0.5165,0.1885,0.1145,0.185,9,3135
F,0.55,0.415,0.135,0.7635,0.318,0.21,0.2,9,23
I,0.35,0.26,0.075,0.18,0.09,0.0245,0.055,5,1537
F,0.53,0.43,0.15,0.741,0.325,0.1855,0.196,9,2022
F,0.535,0.445,0.125,0.8725,0.417,0.199,0.24,8,2893
F,0.6,0.465,0.15,1.1025,0.5455,0.262,0.25,8,1155
M,0.7,0.55,0.195,1.6245,0.675,0.347,0.535,13,1979
I,0.62,0.485,0.17,1.208,0.4805,0.3045,0.33,15,2408
M,0.35,0.255,0.085,0.2145,0.1,0.0465,0.06,13,2420
F,0.53,0.405,0.13,0.6355,0.2635,0.1565,0.185,9,2023
I,0.44,0.345,0.115,0.545,0.269,0.111,0.1305,6,2561
I,0.3,0.22,0.065,0.1195,0.052,0.0155,0.035,5,3633
M,0.515,0.41,0.14,0.7355,0.3065,0.137,0.2,7,2752
M,0.45,0.32,0.1,0.381,0.1705,0.075,0.115,9,19
I,0.485,0.38,0.14,0.673,0.2175,0.13,0.195,18,621
I,0.43,0.34,0.1,0.3405,0.1395,0.0665,0.12,8,1840
M,0.535,0.43,0.155,0.7845,0.3285,0.169,0.245,10,2758
M,0.52,0.435,0.195,0.973,0.2985,0.2135,0.355,18,3222
F,0.64,0.5,0.15,1.2015,0.559,0.231,0.3355,9,3066
I,0.375,0.275,0.085,0.22,0.109,0.05,0.0605,7,2004
M,0.55,0.41,0.15,0.785,0.282,0.186,0.275,12,3852
M,0.525,0.435,0.155,1.065,0.486,0.233,0.285,8,172
I,0.55,0.425,0.145,0.89,0.4325,0.171,0.236,10,2761
M,0.635,0.495,0.17,1.3695,0.657,0.3055,0.365,10,3587
I,0.435,0.32,0.08,0.3325,0.1485,0.0635,0.105,9,112
M,0.535,0.43,0.14,0.7165,0.2855,0.1595,0.2155,8,978
F,0.37,0.295,0.1,0.2685,0.1165,0.056,0.0835,7,3180
F,0.52,0.4,0.125,0.6865,0.295,0.1715,0.185,9,2186
M,0.465,0.36,0.115,0.5795,0.295,0.1395,0.12,7,1774
M,0.58,0.44,0.16,0.8295,0.3365,0.2005,0.2485,9,1913
I,0.52,0.415,0.16,0.595,0.2105,0.142,0.26,15,2421
M,0.565,0.445,0.14,0.836,0.406,0.1605,0.2245,9,3818
I,0.635,0.505,0.19,1.3315,0.5805,0.252,0.435,17,2397
M,0.665,0.535,0.225,2.1835,0.7535,0.391,0.885,27,2108
M,0.61,0.47,0.165,1.052,0.498,0.242,0.267,9,1163
I,0.38,0.29,0.1,0.237,0.108,0.0395,0.082,6,1547
I,0.45,0.35,0.125,0.4775,0.2235,0.089,0.118,6,2564
M,0.445,0.34,0.12,0.4475,0.193,0.1035,0.13,9,2185
F,0.72,0.575,0.18,1.6705,0.732,0.3605,0.501,12,1981
F,0.615,0.475,0.17,1.055,0.543,0.246,0.2345,9,2677
I,0.41,0.305,0.1,0.2645,0.1,0.0655,0.085,7,4068
M,0.515,0.4,0.14,0.6335,0.288,0.145,0.168,9,2020
M,0.6,0.48,0.175,1.229,0.4125,0.2735,0.415,13,2235
F,0.645,0.52,0.17,1.197,0.526,0.2925,0.317,11,2953
I,0.475,0.355,0.115,0.5195,0.279,0.088,0.1325,7,2743
I,0.55,0.45,0.14,0.753,0.3445,0.1325,0.24,8,3662
F,0.505,0.39,0.125,0.5445,0.246,0.15,0.1405,7,1103
M,0.635,0.515,0.16,1.2075,0.5385,0.282,0.345,11,2949
F,0.545,0.41,0.125,0.6935,0.2975,0.146,0.21,11,114
M,0.525,0.425,0.125,0.812,0.4035,0.1705,0.195,8,2580
M,0.4,0.29,0.115,0.2795,0.1115,0.0575,0.075,9,516
I,0.485,0.415,0.14,0.5705,0.25,0.134,0.185,8,2281
I,0.57,0.42,0.13,0.7745,0.3535,0.1505,0.2365,9,3561
I,0.505,0.405,0.13,0.599,0.2245,0.1175,0.225,11,1856
F,0.67,0.55,0.19,1.3905,0.5425,0.3035,0.4,12,466
M,0.54,0.41,0.13,0.56,0.2375,0.1065,0.175,7,3154
I,0.405,0.31,0.065,0.3205,0.1575,0.066,0.088,6,2558
F,0.575,0.45,0.135,0.8285,0.362,0.1655,0.236,10,3124
I,0.61,0.46,0.17,1.278,0.41,0.257,0.37,17,3369
I,0.335,0.24,0.095,0.17,0.062,0.039,0.055,9,2437
M,0.5,0.38,0.125,0.577,0.269,0.1265,0.1535,9,4167
M,0.595,0.48,0.185,1.1785,0.526,0.2975,0.314,10,3779
M,0.395,0.305,0.105,0.282,0.0975,0.065,0.096,9,2452
F,0.6,0.48,0.18,1.0645,0.4495,0.2455,0.325,10,1659
M,0.74,0.595,0.19,2.3235,1.1495,0.5115,0.505,11,2863
M,0.68,0.515,0.17,1.6115,0.8415,0.306,0.395,11,1522
F,0.585,0.45,0.16,1.077,0.4995,0.2875,0.25,10,377
M,0.465,0.36,0.105,0.431,0.172,0.107,0.175,9,111
F,0.53,0.425,0.17,0.949,0.3485,0.2395,0.278,17,769
F,0.57,0.46,0.135,0.9795,0.397,0.2525,0.2655,9,1330
F,0.57,0.435,0.15,0.8295,0.3875,0.156,0.245,10,2028
F,0.525,0.41,0.135,0.7085,0.293,0.1525,0.235,11,459
I,0.29,0.21,0.06,0.1195,0.056,0.0235,0.03,6,1993
I,0.335,0.245,0.09,0.1665,0.0595,0.04,0.06,6,651
I,0.54,0.42,0.14,0.6665,0.3125,0.138,0.1895,10,1119
F,0.675,0.55,0.175,1.689,0.694,0.371,0.474,13,2540
F,0.75,0.61,0.235,2.5085,1.232,0.519,0.612,14,1427
M,0.415,0.32,0.1,0.3005,0.1215,0.0575,0.104,11,3347
M,0.515,0.395,0.135,1.007,0.472,0.2495,0.252,8,1781
I,0.345,0.265,0.1,0.2455,0.111,0.0535,0.065,7,912
M,0.35,0.265,0.09,0.2255,0.0995,0.0485,0.07,7,1
M,0.58,0.465,0.16,1.0345,0.315,0.26,0.3635,12,794
F,0.51,0.395,0.12,0.6175,0.262,0.122,0.193,12,3290
F,0.65,0.545,0.175,1.5245,0.59,0.326,0.495,10,1510
M,0.5,0.37,0.15,1.0615,0.494,0.223,0.296,9,1779
I,0.525,0.39,0.12,0.664,0.3115,0.147,0.178,9,1592
I,0.375,0.28,0.085,0.2145,0.0855,0.0485,0.072,7,2871
I,0.605,0.49,0.165,1.071,0.482,0.1935,0.352,10,1919
M,0.555,0.445,0.13,0.8625,0.4225,0.155,0.24,9,3811
M,0.57,0.45,0.14,0.9275,0.477,0.1605,0.2515,8,3819
M,0.495,0.4,0.155,0.8085,0.2345,0.1155,0.35,6,2183
I,0.625,0.43,0.175,1.411,0.572,0.297,0.395,12,2407
I,0.365,0.275,0.135,0.24,0.108,0.0445,0.0735,7,820
F,0.61,0.49,0.17,1.3475,0.7045,0.25,0.3045,11,3613
M,0.58,0.465,0.145,0.887,0.4405,0.1655,0.265,11,366
F,0.555,0.44,0.145,0.8815,0.43,0.1975,0.2155,8,3452
F,0.64,0.495,0.17,1.2265,0.49,0.377,0.2875,11,2800
F,0.49,0.39,0.135,0.5785,0.2465,0.123,0.2,13,422
M,0.575,0.46,0.165,0.9155,0.4005,0.2465,0.2385,8,1479
M,0.565,0.425,0.16,0.9425,0.3495,0.2185,0.275,17,240
I,0.355,0.27,0.075,0.1775,0.079,0.0315,0.054,6,1538
I,0.425,0.325,0.11,0.317,0.135,0.048,0.09,8,1557
M,0.6,0.475,0.205,1.176,0.5255,0.2875,0.308,9,4174
I,0.32,0.205,0.08,0.181,0.088,0.034,0.0495,5,2866
F,0.45,0.35,0.125,0.4435,0.185,0.09,0.145,11,3336
I,0.51,0.395,0.105,0.5525,0.234,0.127,0.165,8,3755
I,0.295,0.22,0.085,0.1285,0.0585,0.027,0.0365,5,3631
M,0.6,0.495,0.185,1.1145,0.5055,0.2635,0.367,11,2783
F,0.55,0.47,0.15,0.9205,0.381,0.2435,0.2675,10,2025
F,0.505,0.39,0.115,0.66,0.3045,0.1555,0.175,8,2091
I,0.435,0.325,0.1,0.342,0.1335,0.0835,0.105,6,3637
F,0.56,0.41,0.16,0.8215,0.342,0.184,0.253,9,2026
M,0.55,0.385,0.13,0.7275,0.343,0.1625,0.19,8,4079
F,0.635,0.495,0.195,1.297,0.556,0.2985,0.37,11,2613
M,0.575,0.475,0.145,0.857,0.3665,0.173,0.269,9,1908
F,0.685,0.525,0.175,1.71,0.5415,0.309,0.58,16,3338
F,0.465,0.39,0.11,0.6355,0.1815,0.157,0.225,13,3951
F,0.585,0.465,0.14,0.908,0.381,0.1615,0.315,13,485
I,0.37,0.275,0.1,0.2295,0.0885,0.0465,0.07,7,680
F,0.66,0.515,0.18,1.523,0.54,0.3365,0.555,16,2433
I,0.515,0.395,0.125,0.556,0.2695,0.096,0.17,8,1465
M,0.445,0.345,0.14,0.476,0.2055,0.1015,0.1085,15,3900
I,0.425,0.31,0.105,0.365,0.159,0.0825,0.105,6,2511
F,0.695,0.535,0.2,1.5855,0.667,0.334,0.471,11,3078
I,0.385,0.29,0.085,0.2505,0.112,0.061,0.08,8,127
M,0.615,0.48,0.18,1.1595,0.4845,0.2165,0.325,13,190
M,0.495,0.375,0.155,0.976,0.45,0.2285,0.2475,9,3725
F,0.545,0.44,0.15,0.9475,0.366,0.239,0.275,8,2759
F,0.59,0.465,0.15,1.151,0.613,0.239,0.2515,9,1484
F,0.655,0.51,0.155,1.2895,0.5345,0.2855,0.41,11,492
M,0.625,0.475,0.16,1.0845,0.5005,0.2355,0.3105,10,1689
M,0.535,0.41,0.12,0.6835,0.3125,0.1655,0.159,8,3033
M,0.56,0.45,0.145,0.9355,0.425,0.1645,0.2725,11,4081
M,0.665,0.525,0.165,1.338,0.5515,0.3575,0.35,18,32
F,0.59,0.485,0.205,1.2315,0.4525,0.238,0.42,13,3234
M,0.615,0.475,0.17,1.1825,0.474,0.2895,0.24,11,2470
M,0.61,0.475,0.155,0.983,0.4565,0.228,0.266,10,1668
M,0.645,0.5,0.18,1.461,0.5985,0.2425,0.439,11,3103
F,0.49,0.37,0.105,0.5265,0.249,0.1005,0.148,7,3414
F,0.615,0.515,0.135,1.1215,0.545,0.2305,0.29,9,2931
F,0.535,0.46,0.145,0.7875,0.3395,0.2005,0.2,8,2220
I,0.56,0.455,0.145,0.974,0.547,0.1615,0.235,9,1323
F,0.565,0.45,0.165,0.887,0.37,0.239,0.249,11,4172
F,0.475,0.35,0.115,0.452,0.1715,0.092,0.155,11,562
F,0.37,0.285,0.105,0.27,0.1125,0.0585,0.0835,9,2449
M,0.72,0.565,0.145,1.187,0.691,0.1945,0.2685,8,1201
I,0.495,0.375,0.115,0.5755,0.31,0.1145,0.1395,8,3605
M,0.565,0.45,0.16,0.895,0.415,0.195,0.246,9,1892
I,0.62,0.45,0.135,0.924,0.358,0.2265,0.2965,10,1685
M,0.6,0.47,0.165,1.059,0.504,0.241,0.275,9,1660
M,0.585,0.465,0.16,0.9555,0.4595,0.236,0.265,7,1151
I,0.295,0.225,0.08,0.124,0.0485,0.032,0.04,9,235
I,0.435,0.33,0.11,0.413,0.2055,0.096,0.096,6,1081
I,0.475,0.35,0.115,0.498,0.2375,0.099,0.14,7,3546
M,0.515,0.38,0.175,0.9565,0.325,0.158,0.31,14,284
M,0.47,0.365,0.12,0.612,0.327,0.15,0.14,8,945
M,0.655,0.505,0.165,1.27,0.6035,0.262,0.335,10,3622
M,0.66,0.52,0.19,1.558,0.755,0.298,0.4,10,884
I,0.53,0.42,0.185,0.752,0.299,0.156,0.205,20,530
M,0.625,0.47,0.18,1.136,0.451,0.3245,0.305,11,1498
I,0.425,0.325,0.11,0.3335,0.173,0.045,0.1,7,1254
F,0.575,0.465,0.14,0.958,0.442,0.1815,0.2705,9,855
I,0.35,0.25,0.1,0.4015,0.1725,0.063,0.1255,7,3717
M,0.61,0.475,0.155,1.168,0.554,0.239,0.3295,10,1008
F,0.53,0.425,0.15,0.8495,0.328,0.232,0.202,8,975
F,0.66,0.53,0.185,1.346,0.546,0.2705,0.476,11,1182
M,0.57,0.45,0.16,0.8615,0.3725,0.2175,0.255,12,2269
M,0.56,0.42,0.195,0.8085,0.3025,0.1795,0.285,14,2158
I,0.58,0.46,0.14,0.9265,0.4135,0.1845,0.27,10,3567
M,0.565,0.43,0.13,0.784,0.3495,0.1885,0.213,9,2661
F,0.635,0.49,0.17,1.2615,0.5385,0.2665,0.38,9,1702
I,0.525,0.4,0.145,0.6095,0.248,0.159,0.175,9,1869
M,0.545,0.41,0.14,0.737,0.349,0.15,0.212,9,3659
I,0.415,0.31,0.095,0.311,0.1125,0.0625,0.115,8,1838
M,0.61,0.47,0.16,1.022,0.449,0.2345,0.2945,9,1671
M,0.565,0.44,0.125,0.802,0.3595,0.1825,0.215,9,1624
M,0.34,0.255,0.095,0.213,0.081,0.034,0.07,9,2429
F,0.645,0.5,0.18,1.2785,0.5345,0.2995,0.345,13,3147
F,0.565,0.455,0.15,0.8205,0.365,0.159,0.26,18,449
I,0.375,0.3,0.075,0.144,0.059,0.03,0.044,7,2506
M,0.46,0.375,0.135,0.4935,0.186,0.0845,0.17,12,2147
I,0.305,0.245,0.075,0.156,0.0675,0.038,0.045,7,248
F,0.655,0.455,0.17,1.275,0.583,0.303,0.333,8,3621
M,0.385,0.255,0.1,0.3175,0.137,0.068,0.092,8,4162
I,0.44,0.34,0.1,0.407,0.209,0.0735,0.103,7,2636
M,0.55,0.435,0.145,0.843,0.328,0.1915,0.255,15,101
F,0.415,0.305,0.13,0.32,0.1305,0.0755,0.105,8,219
M,0.5,0.42,0.125,0.62,0.255,0.15,0.205,11,3841
F,0.61,0.495,0.185,1.1085,0.3705,0.3135,0.33,12,379
I,0.455,0.375,0.12,0.497,0.2355,0.1055,0.1295,6,938
F,0.645,0.505,0.165,1.318,0.55,0.3015,0.335,11,1509
F,0.635,0.505,0.17,1.415,0.605,0.297,0.365,15,258
M,0.56,0.445,0.16,0.8965,0.42,0.2175,0.2215,8,1127
M,0.525,0.415,0.16,0.6445,0.26,0.1575,0.22,12,3278
I,0.62,0.49,0.16,1.066,0.446,0.246,0.305,11,1682
M,0.58,0.45,0.14,0.9615,0.486,0.1815,0.253,9,1147
I,0.625,0.485,0.15,1.044,0.438,0.2865,0.278,9,1693
F,0.555,0.425,0.14,0.788,0.282,0.1595,0.285,11,78
F,0.645,0.515,0.15,1.212,0.515,0.2055,0.385,10,1030
M,0.48,0.38,0.13,0.6175,0.3,0.142,0.175,12,3252
F,0.445,0.355,0.15,0.485,0.181,0.125,0.155,11,223
M,0.53,0.425,0.11,0.739,0.237,0.161,0.295,13,3937
M,0.59,0.47,0.155,1.1735,0.6245,0.233,0.2595,9,2838
M,0.52,0.42,0.16,0.745,0.255,0.157,0.2885,11,798
F,0.575,0.435,0.15,1.0305,0.4605,0.218,0.36,8,1640
I,0.42,0.32,0.11,0.3625,0.174,0.0635,0.105,7,1077
M,0.63,0.51,0.175,1.3415,0.6575,0.262,0.375,10,2687
F,0.58,0.45,0.15,0.92,0.393,0.212,0.2895,9,2909
I,0.265,0.195,0.055,0.084,0.0365,0.0175,0.025,7,1060
F,0.715,0.585,0.23,2.0725,0.8655,0.4095,0.565,10,3469
I,0.52,0.425,0.17,0.6805,0.28,0.174,0.195,10,586
M,0.555,0.44,0.15,0.755,0.307,0.1525,0.26,12,91
I,0.56,0.425,0.14,0.9175,0.4005,0.1975,0.26,10,576
M,0.35,0.265,0.09,0.197,0.073,0.0365,0.077,7,4120
I,0.45,0.335,0.11,0.4195,0.181,0.085,0.1345,7,1562
M,0.515,0.4,0.14,0.7365,0.2955,0.184,0.185,16,3890
I,0.35,0.28,0.075,0.196,0.082,0.04,0.064,8,3406
F,0.645,0.505,0.165,1.4325,0.684,0.308,0.336,8,1027
F,0.72,0.575,0.215,2.226,0.8955,0.405,0.62,13,2265
F,0.555,0.43,0.135,0.812,0.4055,0.163,0.2215,9,3494
F,0.575,0.42,0.19,1.764,0.914,0.377,0.4095,10,3732
I,0.435,0.34,0.115,0.3925,0.1825,0.078,0.1145,6,928
I,0.505,0.39,0.15,0.685,0.362,0.131,0.156,8,962
I,0.485,0.375,0.11,0.464,0.2015,0.09,0.149,8,4071
I,0.465,0.37,0.12,0.4365,0.188,0.0815,0.147,9,1566
I,0.495,0.4,0.105,0.602,0.2505,0.1265,0.19,8,1579
I,0.495,0.38,0.145,0.5,0.205,0.148,0.1505,8,1853
M,0.515,0.4,0.125,0.955,0.341,0.2535,0.26,13,3386
I,0.525,0.405,0.15,0.795,0.3075,0.205,0.255,14,556
F,0.725,0.56,0.21,2.141,0.65,0.398,1.005,18,163
M,0.605,0.445,0.14,0.982,0.4295,0.2085,0.295,12,2032
M,0.635,0.475,0.17,1.1935,0.5205,0.2695,0.3665,10,1392
F,0.61,0.47,0.165,1.1785,0.566,0.2785,0.294,11,1925
F,0.675,0.535,0.22,1.604,0.6175,0.4255,0.453,14,3848
F,0.41,0.32,0.115,0.387,0.165,0.1005,0.0985,11,569
I,0.455,0.355,0.105,0.372,0.138,0.0765,0.135,9,3021
M,0.59,0.45,0.16,0.998,0.445,0.214,0.301,9,4045
M,0.625,0.48,0.16,1.1415,0.5795,0.2145,0.29,9,3581
I,0.46,0.335,0.11,0.444,0.225,0.0745,0.11,8,2238
I,0.35,0.26,0.09,0.1765,0.072,0.0355,0.0575,7,3527
M,0.63,0.505,0.17,1.0915,0.4615,0.266,0.3,9,1694
M,0.645,0.495,0.185,1.4935,0.5265,0.2785,0.455,15,2191
M,0.59,0.47,0.18,1.1235,0.4205,0.2805,0.36,13,251
I,0.275,0.22,0.08,0.1365,0.0565,0.0285,0.042,6,2205
F,0.455,0.35,0.14,0.5185,0.221,0.1265,0.135,10,511
I,0.28,0.21,0.065,0.111,0.0425,0.0285,0.03,6,3429
I,0.45,0.355,0.11,0.4585,0.194,0.067,0.14,8,315
I,0.58,0.445,0.17,1.178,0.3935,0.2165,0.315,20,3359
F,0.555,0.405,0.12,0.913,0.4585,0.196,0.2065,9,3609
F,0.62,0.485,0.175,1.2155,0.545,0.253,0.345,10,2604
I,0.33,0.26,0.085,0.1965,0.0915,0.0425,0.055,7,4025
M,0.465,0.35,0.12,0.5205,0.2015,0.1625,0.185,11,2146
M,0.31,0.235,0.06,0.12,0.0415,0.033,0.04,11,2417
F,0.525,0.44,0.15,0.8425,0.3685,0.1985,0.24,12,405
F,0.45,0.345,0.115,0.496,0.1905,0.117,0.14,12,2385
M,0.645,0.5,0.175,1.286,0.5645,0.288,0.386,12,1707
I,0.65,0.52,0.15,1.238,0.5495,0.296,0.3305,10,1958
M,0.465,0.35,0.14,0.5755,0.2015,0.1505,0.19,15,778
F,0.465,0.38,0.135,0.579,0.208,0.1095,0.22,14,2435
M,0.65,0.525,0.185,1.622,0.6645,0.3225,0.477,10,1033
M,0.63,0.505,0.15,1.3165,0.6325,0.2465,0.37,11,2686
F,0.675,0.535,0.185,1.5575,0.7035,0.402,0.4,11,3706
I,0.435,0.325,0.11,0.367,0.1595,0.08,0.105,6,1560
F,0.6,0.47,0.19,1.1345,0.492,0.2595,0.3375,10,2076
I,0.565,0.42,0.155,0.743,0.31,0.186,0.231,9,1622
M,0.605,0.475,0.14,1.1175,0.555,0.257,0.274,9,1158
I,0.215,0.155,0.06,0.0525,0.021,0.0165,0.015,5,784
F,0.49,0.385,0.15,0.7865,0.241,0.14,0.24,23,674
M,0.565,0.455,0.17,0.9065,0.342,0.156,0.32,18,432
I,0.52,0.41,0.145,0.646,0.2965,0.1595,0.165,9,1589
M,0.635,0.51,0.21,1.598,0.6535,0.2835,0.58,15,2272
I,0.37,0.28,0.09,0.2565,0.1255,0.0645,0.0645,6,3434
I,0.365,0.27,0.085,0.196,0.0825,0.0375,0.06,7,1230
M,0.35,0.26,0.09,0.198,0.0725,0.056,0.06,10,2451
M,0.47,0.35,0.1,0.4775,0.1885,0.0885,0.175,8,2098
F,0.73,0.57,0.165,2.0165,1.0685,0.418,0.435,10,2544
M,0.62,0.46,0.17,1.127,0.535,0.2635,0.296,7,3824
F,0.685,0.565,0.175,1.638,0.7775,0.375,0.438,11,1744
F,0.64,0.515,0.165,1.3115,0.4945,0.2555,0.41,10,1951
M,0.52,0.4,0.145,0.7765,0.3525,0.1845,0.185,9,1109
I,0.375,0.285,0.1,0.239,0.105,0.0555,0.07,8,3357
M,0.495,0.395,0.125,0.5415,0.2375,0.1345,0.155,9,110
F,0.475,0.375,0.14,0.501,0.192,0.1175,0.175,13,3273
F,0.56,0.445,0.155,1.224,0.5565,0.3225,0.2695,10,1322
F,0.68,0.55,0.175,1.798,0.815,0.3925,0.455,19,33
F,0.51,0.4,0.14,0.8145,0.459,0.1965,0.195,10,194
F,0.67,0.505,0.205,1.3645,0.6075,0.3025,0.353,9,1185
I,0.56,0.435,0.135,0.72,0.329,0.103,0.251,11,2768
M,0.49,0.42,0.125,0.609,0.239,0.1435,0.22,14,388
M,0.71,0.565,0.205,2.198,1.012,0.5225,0.5475,11,1048
M,0.49,0.385,0.125,0.609,0.3065,0.096,0.1775,8,840
M,0.515,0.435,0.145,0.8815,0.292,0.206,0.255,10,782
M,0.57,0.435,0.125,0.8965,0.383,0.1835,0.275,9,1333
M,0.645,0.525,0.16,1.5075,0.7455,0.245,0.4325,11,1398
M,0.465,0.36,0.105,0.488,0.188,0.0845,0.19,10,3137
I,0.395,0.3,0.09,0.253,0.1155,0.05,0.075,6,3014
I,0.55,0.445,0.145,0.783,0.3045,0.157,0.265,11,3036
I,0.525,0.41,0.175,0.874,0.3585,0.207,0.205,18,592
M,0.57,0.465,0.125,0.849,0.3785,0.1765,0.24,15,482
I,0.29,0.225,0.075,0.152,0.071,0.059,0.045,9,3884
F,0.605,0.505,0.18,1.434,0.7285,0.264,0.431,11,1667
M,0.61,0.485,0.16,1.0145,0.5315,0.212,0.2415,8,1161
M,0.62,0.47,0.15,1.309,0.587,0.4405,0.325,9,1934
I,0.55,0.425,0.155,0.8725,0.412,0.187,0.2425,10,3558
M,0.645,0.5,0.19,1.229,0.524,0.278,0.395,17,3297
M,0.675,0.525,0.16,1.2835,0.572,0.2755,0.3545,13,1739
M,0.345,0.255,0.09,0.2005,0.094,0.0295,0.063,9,137
M,0.45,0.335,0.125,0.349,0.119,0.1055,0.115,10,801
M,0.585,0.455,0.15,0.906,0.4095,0.23,0.2335,8,1482
I,0.5,0.385,0.12,0.516,0.197,0.1305,0.165,8,4124
I,0.58,0.445,0.15,0.8865,0.383,0.209,0.255,11,578
I,0.325,0.24,0.07,0.152,0.0565,0.0305,0.054,8,2041
I,0.24,0.185,0.06,0.0655,0.0295,0.0005,0.02,4,3522
I,0.575,0.455,0.16,0.9895,0.495,0.195,0.246,9,2904
F,0.65,0.5,0.16,1.3825,0.702,0.304,0.3195,9,1512
I,0.465,0.375,0.12,0.471,0.222,0.119,0.14,9,389
I,0.53,0.43,0.16,0.7245,0.321,0.1275,0.24,9,1871
M,0.605,0.475,0.19,1.1255,0.59,0.247,0.26,10,2844
F,0.45,0.325,0.135,0.438,0.1805,0.1165,0.11,9,3307
M,0.6,0.475,0.16,1.164,0.5045,0.2635,0.335,12,3501
F,0.44,0.34,0.1,0.451,0.188,0.087,0.13,10,17
F,0.53,0.44,0.135,0.7835,0.313,0.1715,0.2185,9,470
I,0.325,0.225,0.075,0.139,0.0565,0.032,0.09,6,1219
M,0.53,0.42,0.165,0.8945,0.319,0.239,0.245,11,262
I,0.385,0.295,0.085,0.2535,0.103,0.0575,0.085,7,121
F,0.605,0.485,0.16,1.201,0.417,0.2875,0.38,9,1490
I,0.11,0.09,0.03,0.008,0.0025,0.002,0.003,3,238
F,0.625,0.485,0.2,1.38,0.5845,0.302,0.401,9,1015
F,0.66,0.53,0.18,1.5175,0.7765,0.302,0.401,10,3072
I,0.55,0.43,0.145,0.712,0.3025,0.152,0.225,10,2760
I,0.51,0.375,0.15,0.8415,0.3845,0.156,0.255,10,3728
M,0.495,0.395,0.135,0.6335,0.3035,0.1295,0.1495,8,955
I,0.45,0.335,0.105,0.362,0.1575,0.0795,0.1095,7,2822
M,0.58,0.47,0.165,0.927,0.3215,0.1985,0.315,11,2190
F,0.57,0.465,0.18,0.9995,0.405,0.277,0.295,16,2138
F,0.59,0.47,0.17,0.9,0.355,0.1905,0.25,11,2340
F,0.55,0.43,0.125,0.923,0.4035,0.175,0.283,8,848
F,0.72,0.575,0.195,2.1505,1.0745,0.382,0.585,10,3962
M,0.475,0.36,0.1,0.4285,0.1965,0.099,0.112,7,1570
I,0.325,0.25,0.08,0.1735,0.0765,0.0345,0.049,7,815
I,0.54,0.42,0.14,0.74,0.3595,0.159,0.1985,8,4036
F,0.635,0.51,0.17,1.2235,0.532,0.271,0.354,9,2998
F,0.58,0.46,0.135,0.926,0.4025,0.208,0.275,8,4043
M,0.385,0.31,0.1,0.2845,0.1065,0.075,0.1,11,322
M,0.575,0.48,0.15,0.9465,0.4355,0.2605,0.2505,9,3099
M,0.53,0.405,0.15,0.8315,0.352,0.187,0.2525,10,2892
F,0.69,0.54,0.155,1.454,0.624,0.3105,0.39,9,1188
M,0.47,0.375,0.12,0.5565,0.226,0.122,0.195,12,383
F,0.465,0.35,0.13,0.494,0.1945,0.103,0.155,18,2418
M,0.63,0.49,0.17,1.1745,0.5255,0.273,0.339,11,1696
I,0.37,0.28,0.09,0.233,0.0905,0.0545,0.07,11,2196
M,0.72,0.565,0.19,2.081,1.0815,0.4305,0.503,11,1982
F,0.615,0.455,0.145,1.1155,0.5045,0.238,0.315,10,1803
F,0.625,0.49,0.155,1.115,0.484,0.277,0.3095,9,2684
F,0.605,0.515,0.17,1.289,0.6,0.2945,0.3315,9,1491
I,0.37,0.275,0.095,0.257,0.1015,0.055,0.0825,6,3635
F,0.565,0.45,0.185,0.9285,0.302,0.1805,0.265,12,3303
M,0.605,0.475,0.155,1.161,0.572,0.2455,0.275,9,1005
M,0.605,0.475,0.175,1.2525,0.5575,0.3055,0.343,9,1800
I,0.57,0.445,0.155,0.867,0.3705,0.1705,0.28,9,1630
M,0.385,0.285,0.105,0.2905,0.1215,0.0685,0.0875,12,700
F,0.49,0.365,0.145,0.6345,0.1995,0.1625,0.22,10,210
I,0.28,0.205,0.08,0.127,0.052,0.039,0.042,9,147
I,0.395,0.29,0.095,0.3,0.158,0.068,0.078,7,2005
I,0.52,0.41,0.12,0.595,0.2385,0.111,0.19,8,50
F,0.465,0.375,0.135,0.6,0.2225,0.129,0.23,16,2307
I,0.61,0.49,0.16,1.1545,0.5865,0.2385,0.2915,11,2929
M,0.685,0.535,0.175,1.432,0.637,0.247,0.46,11,3710
M,0.625,0.48,0.16,1.2415,0.6575,0.2625,0.2785,9,4116
M,0.485,0.4,0.135,0.663,0.313,0.137,0.2,10,382
F,0.58,0.46,0.18,1.0515,0.4095,0.2595,0.276,8,992
F,0.695,0.55,0.155,1.8495,0.767,0.442,0.4175,10,2620
M,0.485,0.37,0.14,0.5725,0.204,0.1415,0.175,10,681
F,0.68,0.55,0.21,1.7445,0.5975,0.305,0.625,17,468
F,0.44,0.345,0.17,0.4085,0.15,0.0825,0.1515,12,610
I,0.385,0.3,0.09,0.247,0.1225,0.044,0.0675,5,1435
F,0.635,0.485,0.165,1.2945,0.668,0.2605,0.2715,9,878
M,0.665,0.525,0.16,1.363,0.629,0.279,0.34,8,1183
M,0.62,0.485,0.205,1.219,0.3875,0.2505,0.385,14,272
M,0.67,0.54,0.195,1.217,0.532,0.2735,0.3315,11,3704
M,0.595,0.455,0.145,0.942,0.43,0.182,0.277,11,3101
M,0.62,0.525,0.155,1.085,0.454,0.1965,0.35,10,3683
M,0.515,0.37,0.115,0.6145,0.3415,0.155,0.146,9,3730
I,0.415,0.31,0.1,0.2805,0.114,0.0565,0.0975,6,1837
I,0.395,0.305,0.105,0.284,0.1135,0.0595,0.0945,8,1247
M,0.71,0.56,0.175,1.724,0.566,0.4575,0.4625,13,3080
I,0.425,0.32,0.085,0.262,0.1235,0.067,0.0725,8,3088
I,0.47,0.355,0.145,0.4485,0.156,0.102,0.123,7,3482
I,0.425,0.34,0.105,0.389,0.2015,0.0905,0.088,6,1444
M,0.63,0.49,0.16,1.09,0.407,0.224,0.354,12,3787
I,0.28,0.21,0.085,0.1065,0.039,0.0295,0.03,4,297
M,0.66,0.505,0.165,1.374,0.589,0.351,0.345,10,1516
I,0.495,0.375,0.115,0.507,0.241,0.103,0.15,8,3026
I,0.255,0.19,0.06,0.086,0.04,0.0185,0.025,5,2036
I,0.44,0.33,0.135,0.4095,0.163,0.1005,0.119,6,3975
F,0.54,0.475,0.155,1.217,0.5305,0.3075,0.34,16,36
I,0.385,0.29,0.08,0.2485,0.122,0.0495,0.065,7,1071
I,0.485,0.38,0.12,0.4725,0.2075,0.1075,0.147,6,1459
M,0.62,0.465,0.185,1.274,0.579,0.3065,0.32,12,342
F,0.505,0.375,0.18,0.568,0.2325,0.1495,0.17,12,343
M,0.64,0.495,0.165,1.307,0.678,0.292,0.266,11,3001
I,0.425,0.31,0.095,0.3505,0.1645,0.071,0.1,8,3806
F,0.55,0.44,0.135,0.8435,0.434,0.1995,0.185,8,2659
I,0.42,0.32,0.115,0.376,0.169,0.092,0.1,5,921
F,0.54,0.415,0.15,0.8115,0.3875,0.1875,0.2035,9,2833
M,0.525,0.4,0.13,0.8295,0.2405,0.1825,0.275,11,730
M,0.54,0.425,0.12,0.817,0.2945,0.153,0.195,10,3883
F,0.35,0.275,0.065,0.205,0.0745,0.0465,0.07,10,3938
M,0.61,0.485,0.17,1.0225,0.419,0.2405,0.36,12,191
I,0.42,0.305,0.09,0.328,0.168,0.0615,0.082,6,1253
F,0.48,0.365,0.135,0.6395,0.2945,0.113,0.175,8,838
F,0.64,0.51,0.2,1.3905,0.61,0.3315,0.41,12,2159
F,0.5,0.405,0.15,0.5965,0.253,0.126,0.185,12,2373
F,0.605,0.475,0.175,1.076,0.463,0.2195,0.335,9,1361
M,0.625,0.49,0.165,1.1835,0.517,0.2375,0.39,11,3584
I,0.38,0.275,0.095,0.2505,0.0945,0.0655,0.075,6,3436
M,0.625,0.5,0.185,1.2425,0.5995,0.248,0.335,10,3786
F,0.55,0.405,0.125,0.651,0.2965,0.137,0.2,9,1312
I,0.465,0.37,0.115,0.4075,0.1515,0.0935,0.1455,9,3641
I,0.515,0.4,0.14,0.7165,0.3495,0.1595,0.1785,8,4111
I,0.435,0.325,0.12,0.3995,0.1815,0.061,0.1125,8,927
F,0.475,0.375,0.125,0.588,0.237,0.1715,0.155,10,3374
F,0.735,0.6,0.22,2.555,1.1335,0.44,0.6,11,1051
I,0.495,0.375,0.12,0.589,0.3075,0.1215,0.1405,8,2825
M,0.61,0.45,0.15,0.871,0.407,0.1835,0.25,10,1363
F,0.495,0.37,0.12,0.594,0.28,0.11,0.1375,7,3548
M,0.65,0.525,0.185,1.3455,0.586,0.278,0.3865,9,4118
M,0.58,0.47,0.165,1.041,0.54,0.166,0.279,9,3570
I,0.57,0.45,0.145,0.751,0.2825,0.2195,0.2215,10,1328
F,0.635,0.495,0.175,1.211,0.707,0.2725,0.323,9,1391
I,0.275,0.2,0.065,0.092,0.0385,0.0235,0.027,5,2454
F,0.6,0.47,0.135,0.97,0.4655,0.1955,0.264,11,1915
M,0.54,0.41,0.145,0.989,0.2815,0.213,0.355,19,2499
I,0.575,0.44,0.125,0.8515,0.4555,0.1715,0.1965,9,3564
M,0.575,0.455,0.165,0.867,0.3765,0.1805,0.268,8,1632
F,0.615,0.46,0.15,1.0265,0.4935,0.201,0.2745,10,2788
F,0.54,0.425,0.16,0.9455,0.3675,0.2005,0.295,9,1875
F,0.625,0.525,0.195,1.352,0.4505,0.2445,0.53,13,2222
F,0.605,0.485,0.16,1.0565,0.37,0.2355,0.355,10,153
F,0.635,0.5,0.175,1.477,0.684,0.3005,0.39,12,4096
M,0.395,0.295,0.115,0.316,0.1205,0.0595,0.1105,12,703
M,0.6,0.455,0.155,0.945,0.4365,0.2085,0.25,8,1487
M,0.575,0.465,0.15,1.08,0.595,0.2065,0.238,9,1478
I,0.425,0.32,0.1,0.3055,0.126,0.06,0.106,7,1255
F,0.625,0.47,0.17,1.255,0.525,0.2415,0.405,10,3462
F,0.47,0.355,0.14,0.433,0.1525,0.095,0.152,12,616
F,0.655,0.51,0.175,1.6525,0.8515,0.3365,0.403,10,1035
F,0.53,0.43,0.17,0.775,0.35,0.152,0.235,17,2399
I,0.36,0.27,0.095,0.2,0.073,0.056,0.061,8,1540
I,0.375,0.275,0.09,0.238,0.1075,0.0545,0.07,6,126
M,0.48,0.375,0.145,0.777,0.216,0.13,0.17,9,647
F,0.53,0.425,0.13,0.7585,0.325,0.197,0.205,8,974
M,0.315,0.25,0.09,0.203,0.0615,0.037,0.0795,11,706
M,0.67,0.51,0.18,1.68,0.926,0.2975,0.3935,13,2700
F,0.555,0.455,0.18,0.958,0.296,0.195,0.39,14,2223
M,0.6,0.48,0.155,1.014,0.451,0.1885,0.325,11,1353
