MYCT,MMIN,MMAX,CACH,CHMIN,CHMAX,PRP,sampleNum,tuning_run,k,exponent,standard_dev_mult,estimate
-0.13475897323082625,-0.5597249704088672,-0.8552886366868179,-0.6686209890761214,-0.7376659368129019,-0.8860871948182766,25,170,4,2,1,1,14.998813907052579
-0.13475897323082625,-0.5597249704088672,-0.8552886366868179,-0.6686209890761214,-0.7376659368129019,-0.8860871948182766,25,170,4,2,1,2,14.999406953503113
-0.13475897323082625,-0.5597249704088672,-0.8552886366868179,-0.6686209890761214,-0.7376659368129019,-0.8860871948182766,25,170,4,4,1,1,14.000114797595712
-0.13475897323082625,-0.5597249704088672,-0.8552886366868179,-0.6686209890761214,-0.7376659368129019,-0.8860871948182766,25,170,4,4,1,2,14.000056950363645
-0.13475897323082625,-0.5597249704088672,-0.8552886366868179,-0.6686209890761214,-0.7376659368129019,-0.8860871948182766,25,170,4,6,1,1,17.004728281830694
-0.13475897323082625,-0.5597249704088672,-0.8552886366868179,-0.6686209890761214,-0.7376659368129019,-0.8860871948182766,25,170,4,6,1,2,17.00236344207051
-0.13475897323082625,-0.5597249704088672,-0.8552886366868179,-0.6686209890761214,-0.7376659368129019,-0.8860871948182766,25,170,4,8,1,1,19.381906005740603
-0.13475897323082625,-0.5597249704088672,-0.8552886366868179,-0.6686209890761214,-0.7376659368129019,-0.8860871948182766,25,170,4,8,1,2,19.378452819163662
-0.13475897323082625,-0.5597249704088672,-0.8552886366868179,-0.6686209890761214,-0.7376659368129019,-0.8860871948182766,25,170,4,2,2,1,11.998997797667435
-0.13475897323082625,-0.5597249704088672,-0.8552886366868179,-0.6686209890761214,-0.7376659368129019,-0.8860871948182766,25,170,4,2,2,2,11.999498898830222
-0.13475897323082625,-0.5597249704088672,-0.8552886366868179,-0.6686209890761214,-0.7376659368129019,-0.8860871948182766,25,170,4,4,2,1,20.25450577413451
-0.13475897323082625,-0.5597249704088672,-0.8552886366868179,-0.6686209890761214,-0.7376659368129019,-0.8860871948182766,25,170,4,4,2,2,20.252252641603928
-0.13475897323082625,-0.5597249704088672,-0.8552886366868179,-0.6686209890761214,-0.7376659368129019,-0.8860871948182766,25,170,4,6,2,1,19.669436184711262
-0.13475897323082625,-0.5597249704088672,-0.8552886366868179,-0.6686209890761214,-0.7376659368129019,-0.8860871948182766,25,170,4,6,2,2,19.668051418245803
-0.13475897323082625,-0.5597249704088672,-0.8552886366868179,-0.6686209890761214,-0.7376659368129019,-0.8860871948182766,25,170,4,8,2,1,22.62847502869838
-0.13475897323082625,-0.5597249704088672,-0.8552886366868179,-0.6686209890761214,-0.7376659368129019,-0.8860871948182766,25,170,4,8,2,2,22.62673758515098
-0.12529815490468948,-0.5597249704088672,-0.8552886366868179,-0.6686209890761214,-0.7376659368129019,-0.6685448296233704,24,100,4,2,1,1,14.99863158700844
-0.12529815490468948,-0.5597249704088672,-0.8552886366868179,-0.6686209890761214,-0.7376659368129019,-0.6685448296233704,24,100,4,2,1,2,14.999315793468632
-0.12529815490468948,-0.5597249704088672,-0.8552886366868179,-0.6686209890761214,-0.7376659368129019,-0.6685448296233704,24,100,4,4,1,1,14.00023659877321
-0.12529815490468948,-0.5597249704088672,-0.8552886366868179,-0.6686209890761214,-0.7376659368129019,-0.6685448296233704,24,100,4,4,1,2,14.00011778734065
-0.12529815490468948,-0.5597249704088672,-0.8552886366868179,-0.6686209890761214,-0.7376659368129019,-0.6685448296233704,24,100,4,6,1,1,17.00493103582941
-0.12529815490468948,-0.5597249704088672,-0.8552886366868179,-0.6686209890761214,-0.7376659368129019,-0.6685448296233704,24,100,4,6,1,2,17.00246477507006
-0.12529815490468948,-0.5597249704088672,-0.8552886366868179,-0.6686209890761214,-0.7376659368129019,-0.6685448296233704,24,100,4,8,1,1,19.382014218805978
-0.12529815490468948,-0.5597249704088672,-0.8552886366868179,-0.6686209890761214,-0.7376659368129019,-0.6685448296233704,24,100,4,8,1,2,19.37850693559663
-0.12529815490468948,-0.5597249704088672,-0.8552886366868179,-0.6686209890761214,-0.7376659368129019,-0.6685448296233704,24,100,4,2,2,1,11.998808906480326
-0.12529815490468948,-0.5597249704088672,-0.8552886366868179,-0.6686209890761214,-0.7376659368129019,-0.6685448296233704,24,100,4,2,2,2,11.999404453234295
-0.12529815490468948,-0.5597249704088672,-0.8552886366868179,-0.6686209890761214,-0.7376659368129019,-0.6685448296233704,24,100,4,4,2,1,20.25437012117288
-0.12529815490468948,-0.5597249704088672,-0.8552886366868179,-0.6686209890761214,-0.7376659368129019,-0.6685448296233704,24,100,4,4,2,2,20.25218480411609
-0.12529815490468948,-0.5597249704088672,-0.8552886366868179,-0.6686209890761214,-0.7376659368129019,-0.6685448296233704,24,100,4,6,2,1,20.66979668099535
-0.12529815490468948,-0.5597249704088672,-0.8552886366868179,-0.6686209890761214,-0.7376659368129019,-0.6685448296233704,24,100,4,6,2,2,20.668231663505725
-0.12529815490468948,-0.5597249704088672,-0.8552886366868179,-0.6686209890761214,-0.7376659368129019,-0.6685448296233704,24,100,4,8,2,1,21.627809467676663
-0.12529815490468948,-0.5597249704088672,-0.8552886366868179,-0.6686209890761214,-0.7376659368129019,-0.6685448296233704,24,100,4,8,2,2,21.626404818869354
0.0229213322047867,-0.6779249704926766,-0.6731857000097329,-0.6686209890761214,-0.04504830148475741,-0.5235165861600996,50,174,4,2,1,1,20.00104466479273
0.0229213322047867,-0.6779249704926766,-0.6731857000097329,-0.6686209890761214,-0.04504830148475741,-0.5235165861600996,50,174,4,2,1,2,20.00052233243199
0.0229213322047867,-0.6779249704926766,-0.6731857000097329,-0.6686209890761214,-0.04504830148475741,-0.5235165861600996,50,174,4,4,1,1,28.503969091511703
0.0229213322047867,-0.6779249704926766,-0.6731857000097329,-0.6686209890761214,-0.04504830148475741,-0.5235165861600996,50,174,4,4,1,2,28.501984743736447
0.0229213322047867,-0.6779249704926766,-0.6731857000097329,-0.6686209890761214,-0.04504830148475741,-0.5235165861600996,50,174,4,6,1,1,28.502615505395994
0.0229213322047867,-0.6779249704926766,-0.6731857000097329,-0.6686209890761214,-0.04504830148475741,-0.5235165861600996,50,174,4,6,1,2,28.50130805296695
0.0229213322047867,-0.6779249704926766,-0.6731857000097329,-0.6686209890761214,-0.04504830148475741,-0.5235165861600996,50,174,4,8,1,1,25.498339233255724
0.0229213322047867,-0.6779249704926766,-0.6731857000097329,-0.6686209890761214,-0.04504830148475741,-0.5235165861600996,50,174,4,8,1,2,25.499170307988088
0.0229213322047867,-0.6779249704926766,-0.6731857000097329,-0.6686209890761214,-0.04504830148475741,-0.5235165861600996,50,174,4,2,2,1,28.499742198785736
0.0229213322047867,-0.6779249704926766,-0.6731857000097329,-0.6686209890761214,-0.04504830148475741,-0.5235165861600996,50,174,4,2,2,2,28.49987109939252
0.0229213322047867,-0.6779249704926766,-0.6731857000097329,-0.6686209890761214,-0.04504830148475741,-0.5235165861600996,50,174,4,4,2,1,28.750136711675715
0.0229213322047867,-0.6779249704926766,-0.6731857000097329,-0.6686209890761214,-0.04504830148475741,-0.5235165861600996,50,174,4,4,2,2,28.750068331323085
0.0229213322047867,-0.6779249704926766,-0.6731857000097329,-0.6686209890761214,-0.04504830148475741,-0.5235165861600996,50,174,4,6,2,1,25.832540033271034
0.0229213322047867,-0.6779249704926766,-0.6731857000097329,-0.6686209890761214,-0.04504830148475741,-0.5235165861600996,50,174,4,6,2,2,25.83293666601585
0.0229213322047867,-0.6779249704926766,-0.6731857000097329,-0.6686209890761214,-0.04504830148475741,-0.5235165861600996,50,174,4,8,2,1,27.750698144010954
0.0229213322047867,-0.6779249704926766,-0.6731857000097329,-0.6686209890761214,-0.04504830148475741,-0.5235165861600996,50,174,4,8,2,2,27.750348975287224
-0.5794174345592548,1.1357668340720066,0.4194319200527764,0.9483941955651158,1.8019320593902948,0.7092234832777025,188,189,4,2,1,1,131.34524660351732
-0.5794174345592548,1.1357668340720066,0.4194319200527764,0.9483941955651158,1.8019320593902948,0.7092234832777025,188,189,4,2,1,2,131.4226232302696
-0.5794174345592548,1.1357668340720066,0.4194319200527764,0.9483941955651158,1.8019320593902948,0.7092234832777025,188,189,4,4,1,1,153.44883763341193
-0.5794174345592548,1.1357668340720066,0.4194319200527764,0.9483941955651158,1.8019320593902948,0.7092234832777025,188,189,4,4,1,2,153.4743961403792
-0.5794174345592548,1.1357668340720066,0.4194319200527764,0.9483941955651158,1.8019320593902948,0.7092234832777025,188,189,4,6,1,1,129.51772754013632
-0.5794174345592548,1.1357668340720066,0.4194319200527764,0.9483941955651158,1.8019320593902948,0.7092234832777025,188,189,4,6,1,2,129.59218693697474
-0.5794174345592548,1.1357668340720066,0.4194319200527764,0.9483941955651158,1.8019320593902948,0.7092234832777025,188,189,4,8,1,1,155.0143434624975
-0.5794174345592548,1.1357668340720066,0.4194319200527764,0.9483941955651158,1.8019320593902948,0.7092234832777025,188,189,4,8,1,2,155.00710035376216
-0.5794174345592548,1.1357668340720066,0.4194319200527764,0.9483941955651158,1.8019320593902948,0.7092234832777025,188,189,4,2,2,1,131.5200252727088
-0.5794174345592548,1.1357668340720066,0.4194319200527764,0.9483941955651158,1.8019320593902948,0.7092234832777025,188,189,4,2,2,2,131.51001263650932
-0.5794174345592548,1.1357668340720066,0.4194319200527764,0.9483941955651158,1.8019320593902948,0.7092234832777025,188,189,4,4,2,1,125.68027022255603
-0.5794174345592548,1.1357668340720066,0.4194319200527764,0.9483941955651158,1.8019320593902948,0.7092234832777025,188,189,4,4,2,2,125.7151581129541
-0.5794174345592548,1.1357668340720066,0.4194319200527764,0.9483941955651158,1.8019320593902948,0.7092234832777025,188,189,4,6,2,1,143.35759321543074
-0.5794174345592548,1.1357668340720066,0.4194319200527764,0.9483941955651158,1.8019320593902948,0.7092234832777025,188,189,4,6,2,2,143.3454406320343
-0.5794174345592548,1.1357668340720066,0.4194319200527764,0.9483941955651158,1.8019320593902948,0.7092234832777025,188,189,4,8,2,1,145.6522505823993
-0.5794174345592548,1.1357668340720066,0.4194319200527764,0.9483941955651158,1.8019320593902948,0.7092234832777025,188,189,4,8,2,2,145.63861226877316
-0.6866400422554716,-0.48463890478185706,-0.7988367263169215,2.6412069669864113,1.8019320593902948,0.7092234832777025,368,31,4,2,1,1,242.87451374462336
-0.6866400422554716,-0.48463890478185706,-0.7988367263169215,2.6412069669864113,1.8019320593902948,0.7092234832777025,368,31,4,2,1,2,242.93725661528475
-0.6866400422554716,-0.48463890478185706,-0.7988367263169215,2.6412069669864113,1.8019320593902948,0.7092234832777025,368,31,4,4,1,1,163.7415895866982
-0.6866400422554716,-0.48463890478185706,-0.7988367263169215,2.6412069669864113,1.8019320593902948,0.7092234832777025,368,31,4,4,1,2,163.99563193950758
-0.6866400422554716,-0.48463890478185706,-0.7988367263169215,2.6412069669864113,1.8019320593902948,0.7092234832777025,368,31,4,6,1,1,157.56643254221848
-0.6866400422554716,-0.48463890478185706,-0.7988367263169215,2.6412069669864113,1.8019320593902948,0.7092234832777025,368,31,4,6,1,2,157.78293591537152
-0.6866400422554716,-0.48463890478185706,-0.7988367263169215,2.6412069669864113,1.8019320593902948,0.7092234832777025,368,31,4,8,1,1,125.90290170987348
-0.6866400422554716,-0.48463890478185706,-0.7988367263169215,2.6412069669864113,1.8019320593902948,0.7092234832777025,368,31,4,8,1,2,126.2010685589283
-0.6866400422554716,-0.48463890478185706,-0.7988367263169215,2.6412069669864113,1.8019320593902948,0.7092234832777025,368,31,4,2,2,1,242.89936334166802
-0.6866400422554716,-0.48463890478185706,-0.7988367263169215,2.6412069669864113,1.8019320593902948,0.7092234832777025,368,31,4,2,2,2,242.94968153826022
-0.6866400422554716,-0.48463890478185706,-0.7988367263169215,2.6412069669864113,1.8019320593902948,0.7092234832777025,368,31,4,4,2,1,186.8199257674526
-0.6866400422554716,-0.48463890478185706,-0.7988367263169215,2.6412069669864113,1.8019320593902948,0.7092234832777025,368,31,4,4,2,2,187.03489970239445
-0.6866400422554716,-0.48463890478185706,-0.7988367263169215,2.6412069669864113,1.8019320593902948,0.7092234832777025,368,31,4,6,2,1,175.94052218418128
-0.6866400422554716,-0.48463890478185706,-0.7988367263169215,2.6412069669864113,1.8019320593902948,0.7092234832777025,368,31,4,6,2,2,176.22015057895922
-0.6866400422554716,-0.48463890478185706,-0.7988367263169215,2.6412069669864113,1.8019320593902948,0.7092234832777025,368,31,4,8,2,1,153.62197848265725
-0.6866400422554716,-0.48463890478185706,-0.7988367263169215,2.6412069669864113,1.8019320593902948,0.7092234832777025,368,31,4,8,2,2,153.99790583072732
-0.3239753397535618,-0.31751185548302807,-0.6731857000097329,-0.6686209890761214,-0.04504830148475741,-0.4510024644284641,40,86,4,2,1,1,28.498489793428686
-0.3239753397535618,-0.31751185548302807,-0.6731857000097329,-0.6686209890761214,-0.04504830148475741,-0.4510024644284641,40,86,4,2,1,2,28.49924489664545
-0.3239753397535618,-0.31751185548302807,-0.6731857000097329,-0.6686209890761214,-0.04504830148475741,-0.4510024644284641,40,86,4,4,1,1,30.750754790128525
-0.3239753397535618,-0.31751185548302807,-0.6731857000097329,-0.6686209890761214,-0.04504830148475741,-0.4510024644284641,40,86,4,4,1,2,30.750377303963326
-0.3239753397535618,-0.31751185548302807,-0.6731857000097329,-0.6686209890761214,-0.04504830148475741,-0.4510024644284641,40,86,4,6,1,1,28.999811352344157
-0.3239753397535618,-0.31751185548302807,-0.6731857000097329,-0.6686209890761214,-0.04504830148475741,-0.4510024644284641,40,86,4,6,1,2,28.999905602882254
-0.3239753397535618,-0.31751185548302807,-0.6731857000097329,-0.6686209890761214,-0.04504830148475741,-0.4510024644284641,40,86,4,8,1,1,27.248645962709382
-0.3239753397535618,-0.31751185548302807,-0.6731857000097329,-0.6686209890761214,-0.04504830148475741,-0.4510024644284641,40,86,4,8,1,2,27.24932294814981
-0.3239753397535618,-0.31751185548302807,-0.6731857000097329,-0.6686209890761214,-0.04504830148475741,-0.4510024644284641,40,86,4,2,2,1,28.49973298424056
-0.3239753397535618,-0.31751185548302807,-0.6731857000097329,-0.6686209890761214,-0.04504830148475741,-0.4510024644284641,40,86,4,2,2,2,28.4998664921199
-0.3239753397535618,-0.31751185548302807,-0.6731857000097329,-0.6686209890761214,-0.04504830148475741,-0.4510024644284641,40,86,4,4,2,1,32.000536537789934
-0.3239753397535618,-0.31751185548302807,-0.6731857000097329,-0.6686209890761214,-0.04504830148475741,-0.4510024644284641,40,86,4,4,2,2,32.00026827153757
-0.3239753397535618,-0.31751185548302807,-0.6731857000097329,-0.6686209890761214,-0.04504830148475741,-0.4510024644284641,40,86,4,6,2,1,35.66772491026264
-0.3239753397535618,-0.31751185548302807,-0.6731857000097329,-0.6686209890761214,-0.04504830148475741,-0.4510024644284641,40,86,4,6,2,2,35.667195812249766
-0.3239753397535618,-0.31751185548302807,-0.6731857000097329,-0.6686209890761214,-0.04504830148475741,-0.4510024644284641,40,86,4,8,2,1,44.87846081419265
-0.3239753397535618,-0.31751185548302807,-0.6731857000097329,-0.6686209890761214,-0.04504830148475741,-0.4510024644284641,40,86,4,8,2,2,44.87673042003295
-0.19783109540507143,-0.6779249704926766,-0.6731857000097329,-0.6686209890761214,-0.7376659368129019,-0.8135730730866412,14,201,4,2,1,1,17.499168421576393
-0.19783109540507143,-0.6779249704926766,-0.6731857000097329,-0.6686209890761214,-0.7376659368129019,-0.8135730730866412,14,201,4,2,1,2,17.499584210500668
-0.19783109540507143,-0.6779249704926766,-0.6731857000097329,-0.6686209890761214,-0.7376659368129019,-0.8135730730866412,14,201,4,4,1,1,23.0055735389817
-0.19783109540507143,-0.6779249704926766,-0.6731857000097329,-0.6686209890761214,-0.7376659368129019,-0.8135730730866412,14,201,4,4,1,2,23.002787558003515
-0.19783109540507143,-0.6779249704926766,-0.6731857000097329,-0.6686209890761214,-0.7376659368129019,-0.8135730730866412,14,201,4,6,1,1,19.667244843101386
-0.19783109540507143,-0.6779249704926766,-0.6731857000097329,-0.6686209890761214,-0.7376659368129019,-0.8135730730866412,14,201,4,6,1,2,19.666956210400528
-0.19783109540507143,-0.6779249704926766,-0.6731857000097329,-0.6686209890761214,-0.7376659368129019,-0.8135730730866412,14,201,4,8,1,1,21.752545553139317
-0.19783109540507143,-0.6779249704926766,-0.6731857000097329,-0.6686209890761214,-0.7376659368129019,-0.8135730730866412,14,201,4,8,1,2,21.75127337686222
-0.19783109540507143,-0.6779249704926766,-0.6731857000097329,-0.6686209890761214,-0.7376659368129019,-0.8135730730866412,14,201,4,2,2,1,14.999184445141013
-0.19783109540507143,-0.6779249704926766,-0.6731857000097329,-0.6686209890761214,-0.7376659368129019,-0.8135730730866412,14,201,4,2,2,2,14.999592222562972
-0.19783109540507143,-0.6779249704926766,-0.6731857000097329,-0.6686209890761214,-0.7376659368129019,-0.8135730730866412,14,201,4,4,2,1,13.249188396505117
-0.19783109540507143,-0.6779249704926766,-0.6731857000097329,-0.6686209890761214,-0.7376659368129019,-0.8135730730866412,14,201,4,4,2,2,13.249594149909653
-0.19783109540507143,-0.6779249704926766,-0.6731857000097329,-0.6686209890761214,-0.7376659368129019,-0.8135730730866412,14,201,4,6,2,1,19.66789184732552
-0.19783109540507143,-0.6779249704926766,-0.6731857000097329,-0.6686209890761214,-0.7376659368129019,-0.8135730730866412,14,201,4,6,2,2,19.66727924789953
-0.19783109540507143,-0.6779249704926766,-0.6731857000097329,-0.6686209890761214,-0.7376659368129019,-0.8135730730866412,14,201,4,8,2,1,21.626693141894396
-0.19783109540507143,-0.6779249704926766,-0.6731857000097329,-0.6686209890761214,-0.7376659368129019,-0.8135730730866412,14,201,4,8,2,2,21.62584658915312
-0.6740256178206225,1.1357668340720066,1.8762554134694553,0.13988660324449725,0.8784418789527686,1.2893364571307857,172,3,4,2,1,1,269.0786995586323
-0.6740256178206225,1.1357668340720066,1.8762554134694553,0.13988660324449725,0.8784418789527686,1.2893364571307857,172,3,4,2,1,2,269.03934980469285
-0.6740256178206225,1.1357668340720066,1.8762554134694553,0.13988660324449725,0.8784418789527686,1.2893364571307857,172,3,4,4,1,1,268.0536214839312
-0.6740256178206225,1.1357668340720066,1.8762554134694553,0.13988660324449725,0.8784418789527686,1.2893364571307857,172,3,4,4,1,2,268.02681835604704
-0.6740256178206225,1.1357668340720066,1.8762554134694553,0.13988660324449725,0.8784418789527686,1.2893364571307857,172,3,4,6,1,1,237.7813080250979
-0.6740256178206225,1.1357668340720066,1.8762554134694553,0.13988660324449725,0.8784418789527686,1.2893364571307857,172,3,4,6,1,2,237.8073498775044
-0.6740256178206225,1.1357668340720066,1.8762554134694553,0.13988660324449725,0.8784418789527686,1.2893364571307857,172,3,4,8,1,1,214.1405139143256
-0.6740256178206225,1.1357668340720066,1.8762554134694553,0.13988660324449725,0.8784418789527686,1.2893364571307857,172,3,4,8,1,2,214.19527385695463
-0.6740256178206225,1.1357668340720066,1.8762554134694553,0.13988660324449725,0.8784418789527686,1.2893364571307857,172,3,4,2,2,1,269.0082126722243
-0.6740256178206225,1.1357668340720066,1.8762554134694553,0.13988660324449725,0.8784418789527686,1.2893364571307857,172,3,4,2,2,2,269.004106336141
-0.6740256178206225,1.1357668340720066,1.8762554134694553,0.13988660324449725,0.8784418789527686,1.2893364571307857,172,3,4,4,2,1,269.5016260688234
-0.6740256178206225,1.1357668340720066,1.8762554134694553,0.13988660324449725,0.8784418789527686,1.2893364571307857,172,3,4,4,2,2,269.50081631359967
-0.6740256178206225,1.1357668340720066,1.8762554134694553,0.13988660324449725,0.8784418789527686,1.2893364571307857,172,3,4,6,2,1,233.20469955097718
-0.6740256178206225,1.1357668340720066,1.8762554134694553,0.13988660324449725,0.8784418789527686,1.2893364571307857,172,3,4,6,2,2,233.2690527487495
-0.6740256178206225,1.1357668340720066,1.8762554134694553,0.13988660324449725,0.8784418789527686,1.2893364571307857,172,3,4,8,2,1,214.05494004174076
-0.6740256178206225,1.1357668340720066,1.8762554134694553,0.13988660324449725,0.8784418789527686,1.2893364571307857,172,3,4,8,2,2,214.15249402151017
0.7482507372086062,-0.6779249704926766,-0.3089798266555632,0.13988660324449725,-0.9685384819222834,-1.0311154382815473,67,207,4,2,1,1,40.0
0.7482507372086062,-0.6779249704926766,-0.3089798266555632,0.13988660324449725,-0.9685384819222834,-1.0311154382815473,67,207,4,2,1,2,40.0
0.7482507372086062,-0.6779249704926766,-0.3089798266555632,0.13988660324449725,-0.9685384819222834,-1.0311154382815473,67,207,4,4,1,1,33.49503126864821
0.7482507372086062,-0.6779249704926766,-0.3089798266555632,0.13988660324449725,-0.9685384819222834,-1.0311154382815473,67,207,4,4,1,2,33.497515241490916
0.7482507372086062,-0.6779249704926766,-0.3089798266555632,0.13988660324449725,-0.9685384819222834,-1.0311154382815473,67,207,4,6,1,1,29.321228367291543
0.7482507372086062,-0.6779249704926766,-0.3089798266555632,0.13988660324449725,-0.9685384819222834,-1.0311154382815473,67,207,4,6,1,2,29.327280858292042
0.7482507372086062,-0.6779249704926766,-0.3089798266555632,0.13988660324449725,-0.9685384819222834,-1.0311154382815473,67,207,4,8,1,1,28.364320874371565
0.7482507372086062,-0.6779249704926766,-0.3089798266555632,0.13988660324449725,-0.9685384819222834,-1.0311154382815473,67,207,4,8,1,2,28.369658845690676
0.7482507372086062,-0.6779249704926766,-0.3089798266555632,0.13988660324449725,-0.9685384819222834,-1.0311154382815473,67,207,4,2,2,1,33.49955147464532
0.7482507372086062,-0.6779249704926766,-0.3089798266555632,0.13988660324449725,-0.9685384819222834,-1.0311154382815473,67,207,4,2,2,2,33.499775737322395
0.7482507372086062,-0.6779249704926766,-0.3089798266555632,0.13988660324449725,-0.9685384819222834,-1.0311154382815473,67,207,4,4,2,1,33.499989439925585
0.7482507372086062,-0.6779249704926766,-0.3089798266555632,0.13988660324449725,-0.9685384819222834,-1.0311154382815473,67,207,4,4,2,2,33.49999471174629
0.7482507372086062,-0.6779249704926766,-0.3089798266555632,0.13988660324449725,-0.9685384819222834,-1.0311154382815473,67,207,4,6,2,1,28.663453844464144
0.7482507372086062,-0.6779249704926766,-0.3089798266555632,0.13988660324449725,-0.9685384819222834,-1.0311154382815473,67,207,4,6,2,2,28.665060421915484
0.7482507372086062,-0.6779249704926766,-0.3089798266555632,0.13988660324449725,-0.9685384819222834,-1.0311154382815473,67,207,4,8,2,1,24.99414079186066
0.7482507372086062,-0.6779249704926766,-0.3089798266555632,0.13988660324449725,-0.9685384819222834,-1.0311154382815473,67,207,4,8,2,2,24.9970705412075
-0.6456431628422122,1.1357668340720066,0.4194319200527764,0.9483941955651158,-0.04504830148475741,-0.4510024644284641,100,167,4,2,1,1,136.49961179697306
-0.6456431628422122,1.1357668340720066,0.4194319200527764,0.9483941955651158,-0.04504830148475741,-0.4510024644284641,100,167,4,2,1,2,136.49980589848636
-0.6456431628422122,1.1357668340720066,0.4194319200527764,0.9483941955651158,-0.04504830148475741,-0.4510024644284641,100,167,4,4,1,1,117.700949741468
-0.6456431628422122,1.1357668340720066,0.4194319200527764,0.9483941955651158,-0.04504830148475741,-0.4510024644284641,100,167,4,4,1,2,117.72547855048731
-0.6456431628422122,1.1357668340720066,0.4194319200527764,0.9483941955651158,-0.04504830148475741,-0.4510024644284641,100,167,4,6,1,1,100.91279186797063
-0.6456431628422122,1.1357668340720066,0.4194319200527764,0.9483941955651158,-0.04504830148475741,-0.4510024644284641,100,167,4,6,1,2,100.95638884447362
-0.6456431628422122,1.1357668340720066,0.4194319200527764,0.9483941955651158,-0.04504830148475741,-0.4510024644284641,100,167,4,8,1,1,92.16007873738464
-0.6456431628422122,1.1357668340720066,0.4194319200527764,0.9483941955651158,-0.04504830148475741,-0.4510024644284641,100,167,4,8,1,2,92.20501754746887
-0.6456431628422122,1.1357668340720066,0.4194319200527764,0.9483941955651158,-0.04504830148475741,-0.4510024644284641,100,167,4,2,2,1,136.4916699054857
-0.6456431628422122,1.1357668340720066,0.4194319200527764,0.9483941955651158,-0.04504830148475741,-0.4510024644284641,100,167,4,2,2,2,136.4958349510327
-0.6456431628422122,1.1357668340720066,0.4194319200527764,0.9483941955651158,-0.04504830148475741,-0.4510024644284641,100,167,4,4,2,1,144.50927226813437
-0.6456431628422122,1.1357668340720066,0.4194319200527764,0.9483941955651158,-0.04504830148475741,-0.4510024644284641,100,167,4,4,2,2,144.50463443117954
-0.6456431628422122,1.1357668340720066,0.4194319200527764,0.9483941955651158,-0.04504830148475741,-0.4510024644284641,100,167,4,6,2,1,166.7121505003689
-0.6456431628422122,1.1357668340720066,0.4194319200527764,0.9483941955651158,-0.04504830148475741,-0.4510024644284641,100,167,4,6,2,2,166.68940662028245
-0.6456431628422122,1.1357668340720066,0.4194319200527764,0.9483941955651158,-0.04504830148475741,-0.4510024644284641,100,167,4,8,2,1,137.17902406409155
-0.6456431628422122,1.1357668340720066,0.4194319200527764,0.9483941955651158,-0.04504830148475741,-0.4510024644284641,100,167,4,8,2,2,137.21454702574363
-0.6834864361467593,1.1357668340720066,0.4194319200527764,-0.6686209890761214,0.8784418789527686,0.12911050942461919,185,98,4,2,1,1,169.9283096483161
-0.6834864361467593,1.1357668340720066,0.4194319200527764,-0.6686209890761214,0.8784418789527686,0.12911050942461919,185,98,4,2,1,2,169.9641547922628
-0.6834864361467593,1.1357668340720066,0.4194319200527764,-0.6686209890761214,0.8784418789527686,0.12911050942461919,185,98,4,4,1,1,146.43632378839246
-0.6834864361467593,1.1357668340720066,0.4194319200527764,-0.6686209890761214,0.8784418789527686,0.12911050942461919,185,98,4,4,1,2,146.46812873179363
-0.6834864361467593,1.1357668340720066,0.4194319200527764,-0.6686209890761214,0.8784418789527686,0.12911050942461919,185,98,4,6,1,1,143.11487546408463
-0.6834864361467593,1.1357668340720066,0.4194319200527764,-0.6686209890761214,0.8784418789527686,0.12911050942461919,185,98,4,6,1,2,143.14073392475558
-0.6834864361467593,1.1357668340720066,0.4194319200527764,-0.6686209890761214,0.8784418789527686,0.12911050942461919,185,98,4,8,1,1,137.07132478442327
-0.6834864361467593,1.1357668340720066,0.4194319200527764,-0.6686209890761214,0.8784418789527686,0.12911050942461919,185,98,4,8,1,2,137.0981252010506
-0.6834864361467593,1.1357668340720066,0.4194319200527764,-0.6686209890761214,0.8784418789527686,0.12911050942461919,185,98,4,2,2,1,169.97287868921165
-0.6834864361467593,1.1357668340720066,0.4194319200527764,-0.6686209890761214,0.8784418789527686,0.12911050942461919,185,98,4,2,2,2,169.98643934287887
-0.6834864361467593,1.1357668340720066,0.4194319200527764,-0.6686209890761214,0.8784418789527686,0.12911050942461919,185,98,4,4,2,1,181.74524422616955
-0.6834864361467593,1.1357668340720066,0.4194319200527764,-0.6686209890761214,0.8784418789527686,0.12911050942461919,185,98,4,4,2,2,181.7476198457059
-0.6834864361467593,1.1357668340720066,0.4194319200527764,-0.6686209890761214,0.8784418789527686,0.12911050942461919,185,98,4,6,2,1,151.29681868937809
-0.6834864361467593,1.1357668340720066,0.4194319200527764,-0.6686209890761214,0.8784418789527686,0.12911050942461919,185,98,4,6,2,2,151.31507320184747
-0.6834864361467593,1.1357668340720066,0.4194319200527764,-0.6686209890761214,0.8784418789527686,0.12911050942461919,185,98,4,8,2,1,125.52058679905493
-0.6834864361467593,1.1357668340720066,0.4194319200527764,-0.6686209890761214,0.8784418789527686,0.12911050942461919,185,98,4,8,2,2,125.57280240474194
-0.2609032175793166,-0.31751185548302807,-0.3089798266555632,0.13988660324449725,-0.7376659368129019,-0.08843185577028703,109,180,4,2,1,1,23.999920694003997
-0.2609032175793166,-0.31751185548302807,-0.3089798266555632,0.13988660324449725,-0.7376659368129019,-0.08843185577028703,109,180,4,2,1,2,23.999960347001984
-0.2609032175793166,-0.31751185548302807,-0.3089798266555632,0.13988660324449725,-0.7376659368129019,-0.08843185577028703,109,180,4,4,1,1,36.255204553762574
-0.2609032175793166,-0.31751185548302807,-0.3089798266555632,0.13988660324449725,-0.7376659368129019,-0.08843185577028703,109,180,4,4,1,2,36.25260197861982
-0.2609032175793166,-0.31751185548302807,-0.3089798266555632,0.13988660324449725,-0.7376659368129019,-0.08843185577028703,109,180,4,6,1,1,46.34883587760996
-0.2609032175793166,-0.31751185548302807,-0.3089798266555632,0.13988660324449725,-0.7376659368129019,-0.08843185577028703,109,180,4,6,1,2,46.34108443961841
-0.2609032175793166,-0.31751185548302807,-0.3089798266555632,0.13988660324449725,-0.7376659368129019,-0.08843185577028703,109,180,4,8,1,1,45.261063095084175
-0.2609032175793166,-0.31751185548302807,-0.3089798266555632,0.13988660324449725,-0.7376659368129019,-0.08843185577028703,109,180,4,8,1,2,45.25553244370172
-0.2609032175793166,-0.31751185548302807,-0.3089798266555632,0.13988660324449725,-0.7376659368129019,-0.08843185577028703,109,180,4,2,2,1,35.501475798950345
-0.2609032175793166,-0.31751185548302807,-0.3089798266555632,0.13988660324449725,-0.7376659368129019,-0.08843185577028703,109,180,4,2,2,2,35.50073789947963
-0.2609032175793166,-0.31751185548302807,-0.3089798266555632,0.13988660324449725,-0.7376659368129019,-0.08843185577028703,109,180,4,4,2,1,38.753313598848266
-0.2609032175793166,-0.31751185548302807,-0.3089798266555632,0.13988660324449725,-0.7376659368129019,-0.08843185577028703,109,180,4,4,2,2,38.75165673834379
-0.2609032175793166,-0.31751185548302807,-0.3089798266555632,0.13988660324449725,-0.7376659368129019,-0.08843185577028703,109,180,4,6,2,1,47.67246263305731
-0.2609032175793166,-0.31751185548302807,-0.3089798266555632,0.13988660324449725,-0.7376659368129019,-0.08843185577028703,109,180,4,6,2,2,47.669564732362524
-0.2609032175793166,-0.31751185548302807,-0.3089798266555632,0.13988660324449725,-0.7376659368129019,-0.08843185577028703,109,180,4,8,2,1,47.62947075776619
-0.2609032175793166,-0.31751185548302807,-0.3089798266555632,0.13988660324449725,-0.7376659368129019,-0.08843185577028703,109,180,4,8,2,2,47.62723558854811
2.7034865246102067,-0.6159184130716618,-0.8552886366868179,-0.6686209890761214,-0.7376659368129019,-0.958601316549912,13,103,4,2,1,1,15.499729966804981
2.7034865246102067,-0.6159184130716618,-0.8552886366868179,-0.6686209890761214,-0.7376659368129019,-0.958601316549912,13,103,4,2,1,2,15.499864983402372
2.7034865246102067,-0.6159184130716618,-0.8552886366868179,-0.6686209890761214,-0.7376659368129019,-0.958601316549912,13,103,4,4,1,1,19.253328449524297
2.7034865246102067,-0.6159184130716618,-0.8552886366868179,-0.6686209890761214,-0.7376659368129019,-0.958601316549912,13,103,4,4,1,2,19.25166416580976
2.7034865246102067,-0.6159184130716618,-0.8552886366868179,-0.6686209890761214,-0.7376659368129019,-0.958601316549912,13,103,4,6,1,1,17.16649934293244
2.7034865246102067,-0.6159184130716618,-0.8552886366868179,-0.6686209890761214,-0.7376659368129019,-0.958601316549912,13,103,4,6,1,2,17.16658323087231
2.7034865246102067,-0.6159184130716618,-0.8552886366868179,-0.6686209890761214,-0.7376659368129019,-0.958601316549912,13,103,4,8,1,1,17.87682429752727
2.7034865246102067,-0.6159184130716618,-0.8552886366868179,-0.6686209890761214,-0.7376659368129019,-0.958601316549912,13,103,4,8,1,2,17.875911884990302
2.7034865246102067,-0.6159184130716618,-0.8552886366868179,-0.6686209890761214,-0.7376659368129019,-0.958601316549912,13,103,4,2,2,1,15.499813048181647
2.7034865246102067,-0.6159184130716618,-0.8552886366868179,-0.6686209890761214,-0.7376659368129019,-0.958601316549912,13,103,4,2,2,2,15.499906524090783
2.7034865246102067,-0.6159184130716618,-0.8552886366868179,-0.6686209890761214,-0.7376659368129019,-0.958601316549912,13,103,4,4,2,1,16.750768945428444
2.7034865246102067,-0.6159184130716618,-0.8552886366868179,-0.6686209890761214,-0.7376659368129019,-0.958601316549912,13,103,4,4,2,2,16.750384456778438
2.7034865246102067,-0.6159184130716618,-0.8552886366868179,-0.6686209890761214,-0.7376659368129019,-0.958601316549912,13,103,4,6,2,1,15.833424346007323
2.7034865246102067,-0.6159184130716618,-0.8552886366868179,-0.6686209890761214,-0.7376659368129019,-0.958601316549912,13,103,4,6,2,2,15.833378834188458
2.7034865246102067,-0.6159184130716618,-0.8552886366868179,-0.6686209890761214,-0.7376659368129019,-0.958601316549912,13,103,4,8,2,1,19.501881483556005
2.7034865246102067,-0.6159184130716618,-0.8552886366868179,-0.6686209890761214,-0.7376659368129019,-0.958601316549912,13,103,4,8,2,2,19.50094080833498
-0.41227631079750504,-0.5597249704088672,-0.9463401050253603,-0.6686209890761214,-0.7376659368129019,-0.7410589513550058,8,157,4,2,1,1,16.00346271311977
-0.41227631079750504,-0.5597249704088672,-0.9463401050253603,-0.6686209890761214,-0.7376659368129019,-0.7410589513550058,8,157,4,2,1,2,16.001731356884257
-0.41227631079750504,-0.5597249704088672,-0.9463401050253603,-0.6686209890761214,-0.7376659368129019,-0.7410589513550058,8,157,4,4,1,1,19.50585552332558
-0.41227631079750504,-0.5597249704088672,-0.9463401050253603,-0.6686209890761214,-0.7376659368129019,-0.7410589513550058,8,157,4,4,1,2,19.502927938029806
-0.41227631079750504,-0.5597249704088672,-0.9463401050253603,-0.6686209890761214,-0.7376659368129019,-0.7410589513550058,8,157,4,6,1,1,20.338155194233174
-0.41227631079750504,-0.5597249704088672,-0.9463401050253603,-0.6686209890761214,-0.7376659368129019,-0.7410589513550058,8,157,4,6,1,2,20.33574482105019
-0.41227631079750504,-0.5597249704088672,-0.9463401050253603,-0.6686209890761214,-0.7376659368129019,-0.7410589513550058,8,157,4,8,1,1,21.633158469812894
-0.41227631079750504,-0.5597249704088672,-0.9463401050253603,-0.6686209890761214,-0.7376659368129019,-0.7410589513550058,8,157,4,8,1,2,21.629079014177155
-0.41227631079750504,-0.5597249704088672,-0.9463401050253603,-0.6686209890761214,-0.7376659368129019,-0.7410589513550058,8,157,4,2,2,1,16.00042618840605
-0.41227631079750504,-0.5597249704088672,-0.9463401050253603,-0.6686209890761214,-0.7376659368129019,-0.7410589513550058,8,157,4,2,2,2,16.000213094203634
-0.41227631079750504,-0.5597249704088672,-0.9463401050253603,-0.6686209890761214,-0.7376659368129019,-0.7410589513550058,8,157,4,4,2,1,19.500771037288143
-0.41227631079750504,-0.5597249704088672,-0.9463401050253603,-0.6686209890761214,-0.7376659368129019,-0.7410589513550058,8,157,4,4,2,2,19.500385520872488
-0.41227631079750504,-0.5597249704088672,-0.9463401050253603,-0.6686209890761214,-0.7376659368129019,-0.7410589513550058,8,157,4,6,2,1,20.334627571212792
-0.41227631079750504,-0.5597249704088672,-0.9463401050253603,-0.6686209890761214,-0.7376659368129019,-0.7410589513550058,8,157,4,6,2,2,20.333980420310592
-0.41227631079750504,-0.5597249704088672,-0.9463401050253603,-0.6686209890761214,-0.7376659368129019,-0.7410589513550058,8,157,4,8,2,1,24.12866954038644
-0.41227631079750504,-0.5597249704088672,-0.9463401050253603,-0.6686209890761214,-0.7376659368129019,-0.7410589513550058,8,157,4,8,2,2,24.12683467744419
2.072765302867755,-0.5597249704088672,-0.6731857000097329,-0.4664940909959667,-0.7376659368129019,-0.8860871948182766,22,110,4,2,1,1,24.0
2.072765302867755,-0.5597249704088672,-0.6731857000097329,-0.4664940909959667,-0.7376659368129019,-0.8860871948182766,22,110,4,2,1,2,24.0
2.072765302867755,-0.5597249704088672,-0.6731857000097329,-0.4664940909959667,-0.7376659368129019,-0.8860871948182766,22,110,4,4,1,1,20.493197142087833
2.072765302867755,-0.5597249704088672,-0.6731857000097329,-0.4664940909959667,-0.7376659368129019,-0.8860871948182766,22,110,4,4,1,2,20.496599744447163
2.072765302867755,-0.5597249704088672,-0.6731857000097329,-0.4664940909959667,-0.7376659368129019,-0.8860871948182766,22,110,4,6,1,1,19.99453852963869
2.072765302867755,-0.5597249704088672,-0.6731857000097329,-0.4664940909959667,-0.7376659368129019,-0.8860871948182766,22,110,4,6,1,2,19.997268979180305
2.072765302867755,-0.5597249704088672,-0.6731857000097329,-0.4664940909959667,-0.7376659368129019,-0.8860871948182766,22,110,4,8,1,1,17.867095927880378
2.072765302867755,-0.5597249704088672,-0.6731857000097329,-0.4664940909959667,-0.7376659368129019,-0.8860871948182766,22,110,4,8,1,2,17.871047043992448
2.072765302867755,-0.5597249704088672,-0.6731857000097329,-0.4664940909959667,-0.7376659368129019,-0.8860871948182766,22,110,4,2,2,1,24.000000000000004
2.072765302867755,-0.5597249704088672,-0.6731857000097329,-0.4664940909959667,-0.7376659368129019,-0.8860871948182766,22,110,4,2,2,2,24.0
2.072765302867755,-0.5597249704088672,-0.6731857000097329,-0.4664940909959667,-0.7376659368129019,-0.8860871948182766,22,110,4,4,2,1,20.99835595420673
2.072765302867755,-0.5597249704088672,-0.6731857000097329,-0.4664940909959667,-0.7376659368129019,-0.8860871948182766,22,110,4,4,2,2,20.999177970607168
2.072765302867755,-0.5597249704088672,-0.6731857000097329,-0.4664940909959667,-0.7376659368129019,-0.8860871948182766,22,110,4,6,2,1,18.3312365909491
2.072765302867755,-0.5597249704088672,-0.6731857000097329,-0.4664940909959667,-0.7376659368129019,-0.8860871948182766,22,110,4,6,2,2,18.332284859203742
2.072765302867755,-0.5597249704088672,-0.6731857000097329,-0.4664940909959667,-0.7376659368129019,-0.8860871948182766,22,110,4,8,2,1,17.243462999183603
2.072765302867755,-0.5597249704088672,-0.6731857000097329,-0.4664940909959667,-0.7376659368129019,-0.8860871948182766,22,110,4,8,2,2,17.24673294191785
-0.6456431628422122,3.07347175347872,1.8762554134694553,2.5654093802063533,2.7254222398278207,1.2893364571307857,510,153,4,2,1,1,385.8433351967617
-0.6456431628422122,3.07347175347872,1.8762554134694553,2.5654093802063533,2.7254222398278207,1.2893364571307857,510,153,4,2,1,2,385.9216662669093
-0.6456431628422122,3.07347175347872,1.8762554134694553,2.5654093802063533,2.7254222398278207,1.2893364571307857,510,153,4,4,1,1,399.9084755615105
-0.6456431628422122,3.07347175347872,1.8762554134694553,2.5654093802063533,2.7254222398278207,1.2893364571307857,510,153,4,4,1,2,399.95432534718833
-0.6456431628422122,3.07347175347872,1.8762554134694553,2.5654093802063533,2.7254222398278207,1.2893364571307857,510,153,4,6,1,1,355.97536413440304
-0.6456431628422122,3.07347175347872,1.8762554134694553,2.5654093802063533,2.7254222398278207,1.2893364571307857,510,153,4,6,1,2,356.15421657013337
-0.6456431628422122,3.07347175347872,1.8762554134694553,2.5654093802063533,2.7254222398278207,1.2893364571307857,510,153,4,8,1,1,309.0357013798054
-0.6456431628422122,3.07347175347872,1.8762554134694553,2.5654093802063533,2.7254222398278207,1.2893364571307857,510,153,4,8,1,2,309.39265578517956
-0.6456431628422122,3.07347175347872,1.8762554134694553,2.5654093802063533,2.7254222398278207,1.2893364571307857,510,153,4,2,2,1,385.84564882268336
-0.6456431628422122,3.07347175347872,1.8762554134694553,2.5654093802063533,2.7254222398278207,1.2893364571307857,510,153,4,2,2,2,385.9228231379941
-0.6456431628422122,3.07347175347872,1.8762554134694553,2.5654093802063533,2.7254222398278207,1.2893364571307857,510,153,4,4,2,1,399.73533502539374
-0.6456431628422122,3.07347175347872,1.8762554134694553,2.5654093802063533,2.7254222398278207,1.2893364571307857,510,153,4,4,2,2,399.86814495937284
-0.6456431628422122,3.07347175347872,1.8762554134694553,2.5654093802063533,2.7254222398278207,1.2893364571307857,510,153,4,6,2,1,355.6437323623279
-0.6456431628422122,3.07347175347872,1.8762554134694553,2.5654093802063533,2.7254222398278207,1.2893364571307857,510,153,4,6,2,2,355.9885942537603
-0.6456431628422122,3.07347175347872,1.8762554134694553,2.5654093802063533,2.7254222398278207,1.2893364571307857,510,153,4,8,2,1,315.2190839354891
-0.6456431628422122,3.07347175347872,1.8762554134694553,2.5654093802063533,2.7254222398278207,1.2893364571307857,510,153,4,8,2,2,315.79672346029946
-0.13475897323082625,-0.6779249704926766,0.4194319200527764,-0.6686209890761214,-0.04504830148475741,1.2893364571307857,35,15,4,2,1,1,45.49213407864848
-0.13475897323082625,-0.6779249704926766,0.4194319200527764,-0.6686209890761214,-0.04504830148475741,1.2893364571307857,35,15,4,2,1,2,45.49606703907102
-0.13475897323082625,-0.6779249704926766,0.4194319200527764,-0.6686209890761214,-0.04504830148475741,1.2893364571307857,35,15,4,4,1,1,39.242597212875026
-0.13475897323082625,-0.6779249704926766,0.4194319200527764,-0.6686209890761214,-0.04504830148475741,1.2893364571307857,35,15,4,4,1,2,39.24629754841963
-0.13475897323082625,-0.6779249704926766,0.4194319200527764,-0.6686209890761214,-0.04504830148475741,1.2893364571307857,35,15,4,6,1,1,45.67194244152224
-0.13475897323082625,-0.6779249704926766,0.4194319200527764,-0.6686209890761214,-0.04504830148475741,1.2893364571307857,35,15,4,6,1,2,45.66930239550667
-0.13475897323082625,-0.6779249704926766,0.4194319200527764,-0.6686209890761214,-0.04504830148475741,1.2893364571307857,35,15,4,8,1,1,42.11923590753011
-0.13475897323082625,-0.6779249704926766,0.4194319200527764,-0.6686209890761214,-0.04504830148475741,1.2893364571307857,35,15,4,8,1,2,42.12211882710367
-0.13475897323082625,-0.6779249704926766,0.4194319200527764,-0.6686209890761214,-0.04504830148475741,1.2893364571307857,35,15,4,2,2,1,62.50009467896367
-0.13475897323082625,-0.6779249704926766,0.4194319200527764,-0.6686209890761214,-0.04504830148475741,1.2893364571307857,35,15,4,2,2,2,62.50004733948188
-0.13475897323082625,-0.6779249704926766,0.4194319200527764,-0.6686209890761214,-0.04504830148475741,1.2893364571307857,35,15,4,4,2,1,48.23860697978537
-0.13475897323082625,-0.6779249704926766,0.4194319200527764,-0.6686209890761214,-0.04504830148475741,1.2893364571307857,35,15,4,4,2,2,48.2443035062353
-0.13475897323082625,-0.6779249704926766,0.4194319200527764,-0.6686209890761214,-0.04504830148475741,1.2893364571307857,35,15,4,6,2,1,45.65763514626334
-0.13475897323082625,-0.6779249704926766,0.4194319200527764,-0.6686209890761214,-0.04504830148475741,1.2893364571307857,35,15,4,6,2,2,45.662149233632555
-0.13475897323082625,-0.6779249704926766,0.4194319200527764,-0.6686209890761214,-0.04504830148475741,1.2893364571307857,35,15,4,8,2,1,47.620737672644154
-0.13475897323082625,-0.6779249704926766,0.4194319200527764,-0.6686209890761214,-0.04504830148475741,1.2893364571307857,35,15,4,8,2,2,47.6228666774475
-0.3239753397535618,-0.31751185548302807,-0.3089798266555632,0.13988660324449725,-0.7376659368129019,2.8846471352267646,66,89,4,2,1,1,62.50086676584456
-0.3239753397535618,-0.31751185548302807,-0.3089798266555632,0.13988660324449725,-0.7376659368129019,2.8846471352267646,66,89,4,2,1,2,62.500433382958455
-0.3239753397535618,-0.31751185548302807,-0.3089798266555632,0.13988660324449725,-0.7376659368129019,2.8846471352267646,66,89,4,4,1,1,76.80514062869207
-0.3239753397535618,-0.31751185548302807,-0.3089798266555632,0.13988660324449725,-0.7376659368129019,2.8846471352267646,66,89,4,4,1,2,76.7775580007927
-0.3239753397535618,-0.31751185548302807,-0.3089798266555632,0.13988660324449725,-0.7376659368129019,2.8846471352267646,66,89,4,6,1,1,66.51480719293134
-0.3239753397535618,-0.31751185548302807,-0.3089798266555632,0.13988660324449725,-0.7376659368129019,2.8846471352267646,66,89,4,6,1,2,66.50740585626349
-0.3239753397535618,-0.31751185548302807,-0.3089798266555632,0.13988660324449725,-0.7376659368129019,2.8846471352267646,66,89,4,8,1,1,55.86559635855171
-0.3239753397535618,-0.31751185548302807,-0.3089798266555632,0.13988660324449725,-0.7376659368129019,2.8846471352267646,66,89,4,8,1,2,55.87030119315205
-0.3239753397535618,-0.31751185548302807,-0.3089798266555632,0.13988660324449725,-0.7376659368129019,2.8846471352267646,66,89,4,2,2,1,49.50381980939694
-0.3239753397535618,-0.31751185548302807,-0.3089798266555632,0.13988660324449725,-0.7376659368129019,2.8846471352267646,66,89,4,2,2,2,49.50190990475116
-0.3239753397535618,-0.31751185548302807,-0.3089798266555632,0.13988660324449725,-0.7376659368129019,2.8846471352267646,66,89,4,4,2,1,77.0630645632703
-0.3239753397535618,-0.31751185548302807,-0.3089798266555632,0.13988660324449725,-0.7376659368129019,2.8846471352267646,66,89,4,4,2,2,76.90630862576613
-0.3239753397535618,-0.31751185548302807,-0.3089798266555632,0.13988660324449725,-0.7376659368129019,2.8846471352267646,66,89,4,6,2,1,95.05061391831215
-0.3239753397535618,-0.31751185548302807,-0.3089798266555632,0.13988660324449725,-0.7376659368129019,2.8846471352267646,66,89,4,6,2,2,94.85873273006736
-0.3239753397535618,-0.31751185548302807,-0.3089798266555632,0.13988660324449725,-0.7376659368129019,2.8846471352267646,66,89,4,8,2,1,107.54169843510284
-0.3239753397535618,-0.31751185548302807,-0.3089798266555632,0.13988660324449725,-0.7376659368129019,2.8846471352267646,66,89,4,8,2,2,107.33368069787124
-0.6456431628422122,1.1357668340720066,1.147843666761116,3.3739169725269718,-0.04504830148475741,-0.4510024644284641,140,168,4,2,1,1,157.99736158014815
-0.6456431628422122,1.1357668340720066,1.147843666761116,3.3739169725269718,-0.04504830148475741,-0.4510024644284641,140,168,4,2,1,2,157.99868079006384
-0.6456431628422122,1.1357668340720066,1.147843666761116,3.3739169725269718,-0.04504830148475741,-0.4510024644284641,140,168,4,4,1,1,165.0060734315307
-0.6456431628422122,1.1357668340720066,1.147843666761116,3.3739169725269718,-0.04504830148475741,-0.4510024644284641,140,168,4,4,1,2,165.0030362305078
-0.6456431628422122,1.1357668340720066,1.147843666761116,3.3739169725269718,-0.04504830148475741,-0.4510024644284641,140,168,4,6,1,1,207.55145715501726
-0.6456431628422122,1.1357668340720066,1.147843666761116,3.3739169725269718,-0.04504830148475741,-0.4510024644284641,140,168,4,6,1,2,207.52572573385262
-0.6456431628422122,1.1357668340720066,1.147843666761116,3.3739169725269718,-0.04504830148475741,-0.4510024644284641,140,168,4,8,1,1,208.16438126942995
-0.6456431628422122,1.1357668340720066,1.147843666761116,3.3739169725269718,-0.04504830148475741,-0.4510024644284641,140,168,4,8,1,2,208.14469472995697
-0.6456431628422122,1.1357668340720066,1.147843666761116,3.3739169725269718,-0.04504830148475741,-0.4510024644284641,140,168,4,2,2,1,235.46361496823744
-0.6456431628422122,1.1357668340720066,1.147843666761116,3.3739169725269718,-0.04504830148475741,-0.4510024644284641,140,168,4,2,2,2,235.4818074732158
-0.6456431628422122,1.1357668340720066,1.147843666761116,3.3739169725269718,-0.04504830148475741,-0.4510024644284641,140,168,4,4,2,1,216.07274312355378
-0.6456431628422122,1.1357668340720066,1.147843666761116,3.3739169725269718,-0.04504830148475741,-0.4510024644284641,140,168,4,4,2,2,216.16140067675113
-0.6456431628422122,1.1357668340720066,1.147843666761116,3.3739169725269718,-0.04504830148475741,-0.4510024644284641,140,168,4,6,2,1,222.29676787204428
-0.6456431628422122,1.1357668340720066,1.147843666761116,3.3739169725269718,-0.04504830148475741,-0.4510024644284641,140,168,4,6,2,2,222.31482937099662
-0.6456431628422122,1.1357668340720066,1.147843666761116,3.3739169725269718,-0.04504830148475741,-0.4510024644284641,140,168,4,8,2,1,224.4788413550866
-0.6456431628422122,1.1357668340720066,1.147843666761116,3.3739169725269718,-0.04504830148475741,-0.4510024644284641,140,168,4,8,2,2,224.48927728250354
3.9649289680951103,-0.6159184130716618,-0.8552886366868179,-0.6686209890761214,-0.9685384819222834,-1.0311154382815473,18,123,4,2,1,1,15.507383432071052
3.9649289680951103,-0.6159184130716618,-0.8552886366868179,-0.6686209890761214,-0.9685384819222834,-1.0311154382815473,18,123,4,2,1,2,15.50369171852015
3.9649289680951103,-0.6159184130716618,-0.8552886366868179,-0.6686209890761214,-0.9685384819222834,-1.0311154382815473,18,123,4,4,1,1,23.01744459955635
3.9649289680951103,-0.6159184130716618,-0.8552886366868179,-0.6686209890761214,-0.9685384819222834,-1.0311154382815473,18,123,4,4,1,2,23.008724602874214
3.9649289680951103,-0.6159184130716618,-0.8552886366868179,-0.6686209890761214,-0.9685384819222834,-1.0311154382815473,18,123,4,6,1,1,21.007956657963486
3.9649289680951103,-0.6159184130716618,-0.8552886366868179,-0.6686209890761214,-0.9685384819222834,-1.0311154382815473,18,123,4,6,1,2,21.003982235206852
3.9649289680951103,-0.6159184130716618,-0.8552886366868179,-0.6686209890761214,-0.9685384819222834,-1.0311154382815473,18,123,4,8,1,1,19.50390559039818
3.9649289680951103,-0.6159184130716618,-0.8552886366868179,-0.6686209890761214,-0.9685384819222834,-1.0311154382815473,18,123,4,8,1,2,19.501956007871204
3.9649289680951103,-0.6159184130716618,-0.8552886366868179,-0.6686209890761214,-0.9685384819222834,-1.0311154382815473,18,123,4,2,2,1,24.005634736318058
3.9649289680951103,-0.6159184130716618,-0.8552886366868179,-0.6686209890761214,-0.9685384819222834,-1.0311154382815473,18,123,4,2,2,2,24.002817368291357
3.9649289680951103,-0.6159184130716618,-0.8552886366868179,-0.6686209890761214,-0.9685384819222834,-1.0311154382815473,18,123,4,4,2,1,22.498712763119848
3.9649289680951103,-0.6159184130716618,-0.8552886366868179,-0.6686209890761214,-0.9685384819222834,-1.0311154382815473,18,123,4,4,2,2,22.49935824519961
3.9649289680951103,-0.6159184130716618,-0.8552886366868179,-0.6686209890761214,-0.9685384819222834,-1.0311154382815473,18,123,4,6,2,1,19.325413526463674
3.9649289680951103,-0.6159184130716618,-0.8552886366868179,-0.6686209890761214,-0.9685384819222834,-1.0311154382815473,18,123,4,6,2,2,19.329373162742176
3.9649289680951103,-0.6159184130716618,-0.8552886366868179,-0.6686209890761214,-0.9685384819222834,-1.0311154382815473,18,123,4,8,2,1,19.499254003810723
3.9649289680951103,-0.6159184130716618,-0.8552886366868179,-0.6686209890761214,-0.9685384819222834,-1.0311154382815473,18,123,4,8,2,2,19.499618492978215
-0.6077998895376651,-0.31751185548302807,0.4194319200527764,-0.3654306419558894,-0.2759208465941389,0.12911050942461919,45,134,4,2,1,1,56.0
-0.6077998895376651,-0.31751185548302807,0.4194319200527764,-0.3654306419558894,-0.2759208465941389,0.12911050942461919,45,134,4,2,1,2,56.0
-0.6077998895376651,-0.31751185548302807,0.4194319200527764,-0.3654306419558894,-0.2759208465941389,0.12911050942461919,45,134,4,4,1,1,59.75300312128114
-0.6077998895376651,-0.31751185548302807,0.4194319200527764,-0.3654306419558894,-0.2759208465941389,0.12911050942461919,45,134,4,4,1,2,59.75150144533693
-0.6077998895376651,-0.31751185548302807,0.4194319200527764,-0.3654306419558894,-0.2759208465941389,0.12911050942461919,45,134,4,6,1,1,64.84422684133047
-0.6077998895376651,-0.31751185548302807,0.4194319200527764,-0.3654306419558894,-0.2759208465941389,0.12911050942461919,45,134,4,6,1,2,64.83877973697255
-0.6077998895376651,-0.31751185548302807,0.4194319200527764,-0.3654306419558894,-0.2759208465941389,0.12911050942461919,45,134,4,8,1,1,62.50228717711159
-0.6077998895376651,-0.31751185548302807,0.4194319200527764,-0.3654306419558894,-0.2759208465941389,0.12911050942461919,45,134,4,8,1,2,62.50114568459183
-0.6077998895376651,-0.31751185548302807,0.4194319200527764,-0.3654306419558894,-0.2759208465941389,0.12911050942461919,45,134,4,2,2,1,62.4983260407806
-0.6077998895376651,-0.31751185548302807,0.4194319200527764,-0.3654306419558894,-0.2759208465941389,0.12911050942461919,45,134,4,2,2,2,62.499163020296486
-0.6077998895376651,-0.31751185548302807,0.4194319200527764,-0.3654306419558894,-0.2759208465941389,0.12911050942461919,45,134,4,4,2,1,61.74910394143102
-0.6077998895376651,-0.31751185548302807,0.4194319200527764,-0.3654306419558894,-0.2759208465941389,0.12911050942461919,45,134,4,4,2,2,61.7495518561777
-0.6077998895376651,-0.31751185548302807,0.4194319200527764,-0.3654306419558894,-0.2759208465941389,0.12911050942461919,45,134,4,6,2,1,65.5004417730263
-0.6077998895376651,-0.31751185548302807,0.4194319200527764,-0.3654306419558894,-0.2759208465941389,0.12911050942461919,45,134,4,6,2,2,65.50022088657857
-0.6077998895376651,-0.31751185548302807,0.4194319200527764,-0.3654306419558894,-0.2759208465941389,0.12911050942461919,45,134,4,8,2,1,66.87614435093207
-0.6077998895376651,-0.31751185548302807,0.4194319200527764,-0.3654306419558894,-0.2759208465941389,0.12911050942461919,45,134,4,8,2,2,66.87557218940896
-0.6740256178206225,1.1357668340720066,1.8762554134694553,0.13988660324449725,0.8784418789527686,1.2893364571307857,269,1,4,2,1,1,269.0786995586323
-0.6740256178206225,1.1357668340720066,1.8762554134694553,0.13988660324449725,0.8784418789527686,1.2893364571307857,269,1,4,2,1,2,269.03934980469285
-0.6740256178206225,1.1357668340720066,1.8762554134694553,0.13988660324449725,0.8784418789527686,1.2893364571307857,269,1,4,4,1,1,268.0536214839312
-0.6740256178206225,1.1357668340720066,1.8762554134694553,0.13988660324449725,0.8784418789527686,1.2893364571307857,269,1,4,4,1,2,268.02681835604704
-0.6740256178206225,1.1357668340720066,1.8762554134694553,0.13988660324449725,0.8784418789527686,1.2893364571307857,269,1,4,6,1,1,237.7813080250979
-0.6740256178206225,1.1357668340720066,1.8762554134694553,0.13988660324449725,0.8784418789527686,1.2893364571307857,269,1,4,6,1,2,237.8073498775044
-0.6740256178206225,1.1357668340720066,1.8762554134694553,0.13988660324449725,0.8784418789527686,1.2893364571307857,269,1,4,8,1,1,214.1405139143256
-0.6740256178206225,1.1357668340720066,1.8762554134694553,0.13988660324449725,0.8784418789527686,1.2893364571307857,269,1,4,8,1,2,214.19527385695463
-0.6740256178206225,1.1357668340720066,1.8762554134694553,0.13988660324449725,0.8784418789527686,1.2893364571307857,269,1,4,2,2,1,269.0082126722243
-0.6740256178206225,1.1357668340720066,1.8762554134694553,0.13988660324449725,0.8784418789527686,1.2893364571307857,269,1,4,2,2,2,269.004106336141
-0.6740256178206225,1.1357668340720066,1.8762554134694553,0.13988660324449725,0.8784418789527686,1.2893364571307857,269,1,4,4,2,1,269.5016260688234
-0.6740256178206225,1.1357668340720066,1.8762554134694553,0.13988660324449725,0.8784418789527686,1.2893364571307857,269,1,4,4,2,2,269.50081631359967
-0.6740256178206225,1.1357668340720066,1.8762554134694553,0.13988660324449725,0.8784418789527686,1.2893364571307857,269,1,4,6,2,1,233.20469955097718
-0.6740256178206225,1.1357668340720066,1.8762554134694553,0.13988660324449725,0.8784418789527686,1.2893364571307857,269,1,4,6,2,2,233.2690527487495
-0.6740256178206225,1.1357668340720066,1.8762554134694553,0.13988660324449725,0.8784418789527686,1.2893364571307857,269,1,4,8,2,1,214.05494004174076
-0.6740256178206225,1.1357668340720066,1.8762554134694553,0.13988660324449725,0.8784418789527686,1.2893364571307857,269,1,4,8,2,2,214.15249402151017
0.18060163764039966,-0.6159184130716618,-0.7642371683482754,-0.6686209890761214,0.4166967887340056,0.7092234832777025,36,73,4,2,1,1,36.00538300440887
0.18060163764039966,-0.6159184130716618,-0.7642371683482754,-0.6686209890761214,0.4166967887340056,0.7092234832777025,36,73,4,2,1,2,36.00269150250909
0.18060163764039966,-0.6159184130716618,-0.7642371683482754,-0.6686209890761214,0.4166967887340056,0.7092234832777025,36,73,4,4,1,1,36.00268837739281
0.18060163764039966,-0.6159184130716618,-0.7642371683482754,-0.6686209890761214,0.4166967887340056,0.7092234832777025,36,73,4,4,1,2,36.0013449700237
0.18060163764039966,-0.6159184130716618,-0.7642371683482754,-0.6686209890761214,0.4166967887340056,0.7092234832777025,36,73,4,6,1,1,34.16489649598841
0.18060163764039966,-0.6159184130716618,-0.7642371683482754,-0.6686209890761214,0.4166967887340056,0.7092234832777025,36,73,4,6,1,2,34.16578277793236
0.18060163764039966,-0.6159184130716618,-0.7642371683482754,-0.6686209890761214,0.4166967887340056,0.7092234832777025,36,73,4,8,1,1,35.25095928261944
0.18060163764039966,-0.6159184130716618,-0.7642371683482754,-0.6686209890761214,0.4166967887340056,0.7092234832777025,36,73,4,8,1,2,35.25048028758326
0.18060163764039966,-0.6159184130716618,-0.7642371683482754,-0.6686209890761214,0.4166967887340056,0.7092234832777025,36,73,4,2,2,1,29.000278406525297
0.18060163764039966,-0.6159184130716618,-0.7642371683482754,-0.6686209890761214,0.4166967887340056,0.7092234832777025,36,73,4,2,2,2,29.000139203265345
0.18060163764039966,-0.6159184130716618,-0.7642371683482754,-0.6686209890761214,0.4166967887340056,0.7092234832777025,36,73,4,4,2,1,34.502065432832964
0.18060163764039966,-0.6159184130716618,-0.7642371683482754,-0.6686209890761214,0.4166967887340056,0.7092234832777025,36,73,4,4,2,2,34.501032757449295
0.18060163764039966,-0.6159184130716618,-0.7642371683482754,-0.6686209890761214,0.4166967887340056,0.7092234832777025,36,73,4,6,2,1,34.334259969877046
0.18060163764039966,-0.6159184130716618,-0.7642371683482754,-0.6686209890761214,0.4166967887340056,0.7092234832777025,36,73,4,6,2,2,34.3337970177949
0.18060163764039966,-0.6159184130716618,-0.7642371683482754,-0.6686209890761214,0.4166967887340056,0.7092234832777025,36,73,4,8,2,1,37.3820208156966
0.18060163764039966,-0.6159184130716618,-0.7642371683482754,-0.6686209890761214,0.4166967887340056,0.7092234832777025,36,73,4,8,2,2,37.37850995550831
0.27520982090176743,-0.5597249704088672,-0.8552886366868179,-0.6686209890761214,-0.7376659368129019,-0.8860871948182766,16,83,4,2,1,1,16.504136236431652
0.27520982090176743,-0.5597249704088672,-0.8552886366868179,-0.6686209890761214,-0.7376659368129019,-0.8860871948182766,16,83,4,2,1,2,16.50206811829606
0.27520982090176743,-0.5597249704088672,-0.8552886366868179,-0.6686209890761214,-0.7376659368129019,-0.8860871948182766,16,83,4,4,1,1,15.250275232304876
0.27520982090176743,-0.5597249704088672,-0.8552886366868179,-0.6686209890761214,-0.7376659368129019,-0.8860871948182766,16,83,4,4,1,2,15.250138192549105
0.27520982090176743,-0.5597249704088672,-0.8552886366868179,-0.6686209890761214,-0.7376659368129019,-0.8860871948182766,16,83,4,6,1,1,18.336649389688635
0.27520982090176743,-0.5597249704088672,-0.8552886366868179,-0.6686209890761214,-0.7376659368129019,-0.8860871948182766,16,83,4,6,1,2,18.334991788259437
0.27520982090176743,-0.5597249704088672,-0.8552886366868179,-0.6686209890761214,-0.7376659368129019,-0.8860871948182766,16,83,4,8,1,1,20.255221502094912
0.27520982090176743,-0.5597249704088672,-0.8552886366868179,-0.6686209890761214,-0.7376659368129019,-0.8860871948182766,16,83,4,8,1,2,20.252611137250295
0.27520982090176743,-0.5597249704088672,-0.8552886366868179,-0.6686209890761214,-0.7376659368129019,-0.8860871948182766,16,83,4,2,2,1,16.50006203598338
0.27520982090176743,-0.5597249704088672,-0.8552886366868179,-0.6686209890761214,-0.7376659368129019,-0.8860871948182766,16,83,4,2,2,2,16.500031017991695
0.27520982090176743,-0.5597249704088672,-0.8552886366868179,-0.6686209890761214,-0.7376659368129019,-0.8860871948182766,16,83,4,4,2,1,19.50073608046594
0.27520982090176743,-0.5597249704088672,-0.8552886366868179,-0.6686209890761214,-0.7376659368129019,-0.8860871948182766,16,83,4,4,2,2,19.50036803480387
0.27520982090176743,-0.5597249704088672,-0.8552886366868179,-0.6686209890761214,-0.7376659368129019,-0.8860871948182766,16,83,4,6,2,1,18.333955290597792
0.27520982090176743,-0.5597249704088672,-0.8552886366868179,-0.6686209890761214,-0.7376659368129019,-0.8860871948182766,16,83,4,6,2,2,18.333644292630773
0.27520982090176743,-0.5597249704088672,-0.8552886366868179,-0.6686209890761214,-0.7376659368129019,-0.8860871948182766,16,83,4,8,2,1,23.003694506020402
0.27520982090176743,-0.5597249704088672,-0.8552886366868179,-0.6686209890761214,-0.7376659368129019,-0.8860871948182766,16,83,4,8,2,2,23.00184713273708
1.7889407530836516,-0.6779249704926766,-0.9907732215745689,-0.4664940909959667,-0.7376659368129019,-0.958601316549912,18,46,4,2,1,1,14.994113706597446
1.7889407530836516,-0.6779249704926766,-0.9907732215745689,-0.4664940909959667,-0.7376659368129019,-0.958601316549912,18,46,4,2,1,2,14.997056852983983
1.7889407530836516,-0.6779249704926766,-0.9907732215745689,-0.4664940909959667,-0.7376659368129019,-0.958601316549912,18,46,4,4,1,1,23.515877314446175
1.7889407530836516,-0.6779249704926766,-0.9907732215745689,-0.4664940909959667,-0.7376659368129019,-0.958601316549912,18,46,4,4,1,2,23.507935464189185
1.7889407530836516,-0.6779249704926766,-0.9907732215745689,-0.4664940909959667,-0.7376659368129019,-0.958601316549912,18,46,4,6,1,1,20.837909674891474
1.7889407530836516,-0.6779249704926766,-0.9907732215745689,-0.4664940909959667,-0.7376659368129019,-0.958601316549912,18,46,4,6,1,2,20.83562229852456
1.7889407530836516,-0.6779249704926766,-0.9907732215745689,-0.4664940909959667,-0.7376659368129019,-0.958601316549912,18,46,4,8,1,1,20.25302176899065
1.7889407530836516,-0.6779249704926766,-0.9907732215745689,-0.4664940909959667,-0.7376659368129019,-0.958601316549912,18,46,4,8,1,2,20.251511608846553
1.7889407530836516,-0.6779249704926766,-0.9907732215745689,-0.4664940909959667,-0.7376659368129019,-0.958601316549912,18,46,4,2,2,1,14.993261673026463
1.7889407530836516,-0.6779249704926766,-0.9907732215745689,-0.4664940909959667,-0.7376659368129019,-0.958601316549912,18,46,4,2,2,2,14.99663083604108
1.7889407530836516,-0.6779249704926766,-0.9907732215745689,-0.4664940909959667,-0.7376659368129019,-0.958601316549912,18,46,4,4,2,1,18.49962857927657
1.7889407530836516,-0.6779249704926766,-0.9907732215745689,-0.4664940909959667,-0.7376659368129019,-0.958601316549912,18,46,4,4,2,2,18.499813624156932
1.7889407530836516,-0.6779249704926766,-0.9907732215745689,-0.4664940909959667,-0.7376659368129019,-0.958601316549912,18,46,4,6,2,1,16.663786605461954
1.7889407530836516,-0.6779249704926766,-0.9907732215745689,-0.4664940909959667,-0.7376659368129019,-0.958601316549912,18,46,4,6,2,2,16.66522615372584
1.7889407530836516,-0.6779249704926766,-0.9907732215745689,-0.4664940909959667,-0.7376659368129019,-0.958601316549912,18,46,4,8,2,1,17.24846874390684
1.7889407530836516,-0.6779249704926766,-0.9907732215745689,-0.4664940909959667,-0.7376659368129019,-0.958601316549912,18,46,4,8,2,2,17.249233871523742
-0.45011958410205216,-0.5597249704088672,-0.3089798266555632,-0.6686209890761214,-0.5067933917035204,-0.596030707891735,16,131,4,2,1,1,21.500194223632374
-0.45011958410205216,-0.5597249704088672,-0.3089798266555632,-0.6686209890761214,-0.5067933917035204,-0.596030707891735,16,131,4,2,1,2,21.500097111816235
-0.45011958410205216,-0.5597249704088672,-0.3089798266555632,-0.6686209890761214,-0.5067933917035204,-0.596030707891735,16,131,4,4,1,1,19.749579898878796
-0.45011958410205216,-0.5597249704088672,-0.3089798266555632,-0.6686209890761214,-0.5067933917035204,-0.596030707891735,16,131,4,4,1,2,19.74978996310424
-0.45011958410205216,-0.5597249704088672,-0.3089798266555632,-0.6686209890761214,-0.5067933917035204,-0.596030707891735,16,131,4,6,1,1,32.5041642577401
-0.45011958410205216,-0.5597249704088672,-0.3089798266555632,-0.6686209890761214,-0.5067933917035204,-0.596030707891735,16,131,4,6,1,2,32.5020820519995
-0.45011958410205216,-0.5597249704088672,-0.3089798266555632,-0.6686209890761214,-0.5067933917035204,-0.596030707891735,16,131,4,8,1,1,35.5057418562846
-0.45011958410205216,-0.5597249704088672,-0.3089798266555632,-0.6686209890761214,-0.5067933917035204,-0.596030707891735,16,131,4,8,1,2,35.50287082245845
-0.45011958410205216,-0.5597249704088672,-0.3089798266555632,-0.6686209890761214,-0.5067933917035204,-0.596030707891735,16,131,4,2,2,1,23.00033015734187
-0.45011958410205216,-0.5597249704088672,-0.3089798266555632,-0.6686209890761214,-0.5067933917035204,-0.596030707891735,16,131,4,2,2,2,23.00016507867106
-0.45011958410205216,-0.5597249704088672,-0.3089798266555632,-0.6686209890761214,-0.5067933917035204,-0.596030707891735,16,131,4,4,2,1,24.000219643684527
-0.45011958410205216,-0.5597249704088672,-0.3089798266555632,-0.6686209890761214,-0.5067933917035204,-0.596030707891735,16,131,4,4,2,2,24.000109823692203
-0.45011958410205216,-0.5597249704088672,-0.3089798266555632,-0.6686209890761214,-0.5067933917035204,-0.596030707891735,16,131,4,6,2,1,35.33440287966991
-0.45011958410205216,-0.5597249704088672,-0.3089798266555632,-0.6686209890761214,-0.5067933917035204,-0.596030707891735,16,131,4,6,2,2,35.33386810885227
-0.45011958410205216,-0.5597249704088672,-0.3089798266555632,-0.6686209890761214,-0.5067933917035204,-0.596030707891735,16,131,4,8,2,1,34.37551354549797
-0.45011958410205216,-0.5597249704088672,-0.3089798266555632,-0.6686209890761214,-0.5067933917035204,-0.596030707891735,16,131,4,8,2,2,34.375256789003835
-0.5762638284505425,-0.31751185548302807,0.4194319200527764,0.9483941955651158,0.1858242436246241,-0.4510024644284641,74,145,4,2,1,1,104.00765650727065
-0.5762638284505425,-0.31751185548302807,0.4194319200527764,0.9483941955651158,0.1858242436246241,-0.4510024644284641,74,145,4,2,1,2,104.0038282536722
-0.5762638284505425,-0.31751185548302807,0.4194319200527764,0.9483941955651158,0.1858242436246241,-0.4510024644284641,74,145,4,4,1,1,89.48286349268017
-0.5762638284505425,-0.31751185548302807,0.4194319200527764,0.9483941955651158,0.1858242436246241,-0.4510024644284641,74,145,4,4,1,2,89.49143308935139
-0.5762638284505425,-0.31751185548302807,0.4194319200527764,0.9483941955651158,0.1858242436246241,-0.4510024644284641,74,145,4,6,1,1,78.30959690372505
-0.5762638284505425,-0.31751185548302807,0.4194319200527764,0.9483941955651158,0.1858242436246241,-0.4510024644284641,74,145,4,6,1,2,78.32146332398105
-0.5762638284505425,-0.31751185548302807,0.4194319200527764,0.9483941955651158,0.1858242436246241,-0.4510024644284641,74,145,4,8,1,1,88.12034936630661
-0.5762638284505425,-0.31751185548302807,0.4194319200527764,0.9483941955651158,0.1858242436246241,-0.4510024644284641,74,145,4,8,1,2,88.12267172590816
-0.5762638284505425,-0.31751185548302807,0.4194319200527764,0.9483941955651158,0.1858242436246241,-0.4510024644284641,74,145,4,2,2,1,136.49268403453695
-0.5762638284505425,-0.31751185548302807,0.4194319200527764,0.9483941955651158,0.1858242436246241,-0.4510024644284641,74,145,4,2,2,2,136.49634201610996
-0.5762638284505425,-0.31751185548302807,0.4194319200527764,0.9483941955651158,0.1858242436246241,-0.4510024644284641,74,145,4,4,2,1,92.45639380495399
-0.5762638284505425,-0.31751185548302807,0.4194319200527764,0.9483941955651158,0.1858242436246241,-0.4510024644284641,74,145,4,4,2,2,92.47819324064594
-0.5762638284505425,-0.31751185548302807,0.4194319200527764,0.9483941955651158,0.1858242436246241,-0.4510024644284641,74,145,4,6,2,1,110.6545499308541
-0.5762638284505425,-0.31751185548302807,0.4194319200527764,0.9483941955651158,0.1858242436246241,-0.4510024644284641,74,145,4,6,2,2,110.66060357362596
-0.5762638284505425,-0.31751185548302807,0.4194319200527764,0.9483941955651158,0.1858242436246241,-0.4510024644284641,74,145,4,8,2,1,94.97685822190459
-0.5762638284505425,-0.31751185548302807,0.4194319200527764,0.9483941955651158,0.1858242436246241,-0.4510024644284641,74,145,4,8,2,2,94.98842400927445
-0.655103981168349,1.1357668340720066,1.8762554134694553,0.9483941955651158,0.8784418789527686,0.7092234832777025,370,152,4,2,1,1,322.00306874011943
-0.655103981168349,1.1357668340720066,1.8762554134694553,0.9483941955651158,0.8784418789527686,0.7092234832777025,370,152,4,2,1,2,322.00153437028547
-0.655103981168349,1.1357668340720066,1.8762554134694553,0.9483941955651158,0.8784418789527686,0.7092234832777025,370,152,4,4,1,1,267.86321979075984
-0.655103981168349,1.1357668340720066,1.8762554134694553,0.9483941955651158,0.8784418789527686,0.7092234832777025,370,152,4,4,1,2,267.93162195310936
-0.655103981168349,1.1357668340720066,1.8762554134694553,0.9483941955651158,0.8784418789527686,0.7092234832777025,370,152,4,6,1,1,233.04980720713925
-0.655103981168349,1.1357668340720066,1.8762554134694553,0.9483941955651158,0.8784418789527686,0.7092234832777025,370,152,4,6,1,2,233.19157848217841
-0.655103981168349,1.1357668340720066,1.8762554134694553,0.9483941955651158,0.8784418789527686,0.7092234832777025,370,152,4,8,1,1,214.1897112508623
-0.655103981168349,1.1357668340720066,1.8762554134694553,0.9483941955651158,0.8784418789527686,0.7092234832777025,370,152,4,8,1,2,214.34478110060095
-0.655103981168349,1.1357668340720066,1.8762554134694553,0.9483941955651158,0.8784418789527686,0.7092234832777025,370,152,4,2,2,1,322.00115927088245
-0.655103981168349,1.1357668340720066,1.8762554134694553,0.9483941955651158,0.8784418789527686,0.7092234832777025,370,152,4,2,2,2,322.0005796354534
-0.655103981168349,1.1357668340720066,1.8762554134694553,0.9483941955651158,0.8784418789527686,0.7092234832777025,370,152,4,4,2,1,269.42563223958996
-0.655103981168349,1.1357668340720066,1.8762554134694553,0.9483941955651158,0.8784418789527686,0.7092234832777025,370,152,4,4,2,2,269.4628170948356
-0.655103981168349,1.1357668340720066,1.8762554134694553,0.9483941955651158,0.8784418789527686,0.7092234832777025,370,152,4,6,2,1,243.05764746242852
-0.655103981168349,1.1357668340720066,1.8762554134694553,0.9483941955651158,0.8784418789527686,0.7092234832777025,370,152,4,6,2,2,243.11214692598938
-0.655103981168349,1.1357668340720066,1.8762554134694553,0.9483941955651158,0.8784418789527686,0.7092234832777025,370,152,4,8,2,1,214.2517475154414
-0.655103981168349,1.1357668340720066,1.8762554134694553,0.9483941955651158,0.8784418789527686,0.7092234832777025,370,152,4,8,2,2,214.37589527449077
-0.6834864361467593,1.1357668340720066,1.8762554134694553,0.9483941955651158,1.8019320593902948,0.12911050942461919,248,191,4,2,1,1,321.9956483353718
-0.6834864361467593,1.1357668340720066,1.8762554134694553,0.9483941955651158,1.8019320593902948,0.12911050942461919,248,191,4,2,1,2,321.9978241670421
-0.6834864361467593,1.1357668340720066,1.8762554134694553,0.9483941955651158,1.8019320593902948,0.12911050942461919,248,191,4,4,1,1,314.21703298545793
-0.6834864361467593,1.1357668340720066,1.8762554134694553,0.9483941955651158,1.8019320593902948,0.12911050942461919,248,191,4,4,1,2,314.2335224887664
-0.6834864361467593,1.1357668340720066,1.8762554134694553,0.9483941955651158,1.8019320593902948,0.12911050942461919,248,191,4,6,1,1,281.37691313005683
-0.6834864361467593,1.1357668340720066,1.8762554134694553,0.9483941955651158,1.8019320593902948,0.12911050942461919,248,191,4,6,1,2,281.438466620938
-0.6834864361467593,1.1357668340720066,1.8762554134694553,0.9483941955651158,1.8019320593902948,0.12911050942461919,248,191,4,8,1,1,259.3132251416991
-0.6834864361467593,1.1357668340720066,1.8762554134694553,0.9483941955651158,1.8019320593902948,0.12911050942461919,248,191,4,8,1,2,259.4066119807361
-0.6834864361467593,1.1357668340720066,1.8762554134694553,0.9483941955651158,1.8019320593902948,0.12911050942461919,248,191,4,2,2,1,306.47590623757435
-0.6834864361467593,1.1357668340720066,1.8762554134694553,0.9483941955651158,1.8019320593902948,0.12911050942461919,248,191,4,2,2,2,306.48795311860704
-0.6834864361467593,1.1357668340720066,1.8762554134694553,0.9483941955651158,1.8019320593902948,0.12911050942461919,248,191,4,4,2,1,314.25090601093075
-0.6834864361467593,1.1357668340720066,1.8762554134694553,0.9483941955651158,1.8019320593902948,0.12911050942461919,248,191,4,4,2,2,314.2504480134361
-0.6834864361467593,1.1357668340720066,1.8762554134694553,0.9483941955651158,1.8019320593902948,0.12911050942461919,248,191,4,6,2,1,281.77373327419474
-0.6834864361467593,1.1357668340720066,1.8762554134694553,0.9483941955651158,1.8019320593902948,0.12911050942461919,248,191,4,6,2,2,281.8035295658433
-0.6834864361467593,1.1357668340720066,1.8762554134694553,0.9483941955651158,1.8019320593902948,0.12911050942461919,248,191,4,8,2,1,259.41107669905324
-0.6834864361467593,1.1357668340720066,1.8762554134694553,0.9483941955651158,1.8019320593902948,0.12911050942461919,248,191,4,8,2,2,259.45552778139773
-0.055918820513019774,-0.5597249704088672,-0.6731857000097329,-0.6180892645560827,-0.2759208465941389,-0.596030707891735,24,117,4,2,1,1,20.001470610149106
-0.055918820513019774,-0.5597249704088672,-0.6731857000097329,-0.6180892645560827,-0.2759208465941389,-0.596030707891735,24,117,4,2,1,2,20.000735305173944
-0.055918820513019774,-0.5597249704088672,-0.6731857000097329,-0.6180892645560827,-0.2759208465941389,-0.596030707891735,24,117,4,4,1,1,28.50508646446025
-0.055918820513019774,-0.5597249704088672,-0.6731857000097329,-0.6180892645560827,-0.2759208465941389,-0.596030707891735,24,117,4,4,1,2,28.502543613751815
-0.055918820513019774,-0.5597249704088672,-0.6731857000097329,-0.6180892645560827,-0.2759208465941389,-0.596030707891735,24,117,4,6,1,1,27.66945103500736
-0.055918820513019774,-0.5597249704088672,-0.6731857000097329,-0.6180892645560827,-0.2759208465941389,-0.596030707891735,24,117,4,6,1,2,27.668059409995323
-0.055918820513019774,-0.5597249704088672,-0.6731857000097329,-0.6180892645560827,-0.2759208465941389,-0.596030707891735,24,117,4,8,1,1,24.37324381984784
-0.055918820513019774,-0.5597249704088672,-0.6731857000097329,-0.6180892645560827,-0.2759208465941389,-0.596030707891735,24,117,4,8,1,2,24.37412272392071
-0.055918820513019774,-0.5597249704088672,-0.6731857000097329,-0.6180892645560827,-0.2759208465941389,-0.596030707891735,24,117,4,2,2,1,11.999116093062828
-0.055918820513019774,-0.5597249704088672,-0.6731857000097329,-0.6180892645560827,-0.2759208465941389,-0.596030707891735,24,117,4,2,2,2,11.999558046529012
-0.055918820513019774,-0.5597249704088672,-0.6731857000097329,-0.6180892645560827,-0.2759208465941389,-0.596030707891735,24,117,4,4,2,1,22.50121955897649
-0.055918820513019774,-0.5597249704088672,-0.6731857000097329,-0.6180892645560827,-0.2759208465941389,-0.596030707891735,24,117,4,4,2,2,22.50060976433144
-0.055918820513019774,-0.5597249704088672,-0.6731857000097329,-0.6180892645560827,-0.2759208465941389,-0.596030707891735,24,117,4,6,2,1,28.168689679581927
-0.055918820513019774,-0.5597249704088672,-0.6731857000097329,-0.6180892645560827,-0.2759208465941389,-0.596030707891735,24,117,4,6,2,2,28.167678175985007
-0.055918820513019774,-0.5597249704088672,-0.6731857000097329,-0.6180892645560827,-0.2759208465941389,-0.596030707891735,24,117,4,8,2,1,26.501053630112978
-0.055918820513019774,-0.5597249704088672,-0.6731857000097329,-0.6180892645560827,-0.2759208465941389,-0.596030707891735,24,117,4,8,2,2,26.500526859573668
-0.3744330374929579,-0.5597249704088672,-0.3089798266555632,-0.6686209890761214,-0.7376659368129019,-0.4510024644284641,42,204,4,2,1,1,34.50176410986241
-0.3744330374929579,-0.5597249704088672,-0.3089798266555632,-0.6686209890761214,-0.7376659368129019,-0.4510024644284641,42,204,4,2,1,2,34.500882054937435
-0.3744330374929579,-0.5597249704088672,-0.3089798266555632,-0.6686209890761214,-0.7376659368129019,-0.4510024644284641,42,204,4,4,1,1,27.99918385832542
-0.3744330374929579,-0.5597249704088672,-0.3089798266555632,-0.6686209890761214,-0.7376659368129019,-0.4510024644284641,42,204,4,4,1,2,27.999591969586746
-0.3744330374929579,-0.5597249704088672,-0.3089798266555632,-0.6686209890761214,-0.7376659368129019,-0.4510024644284641,42,204,4,6,1,1,29.33386463843953
-0.3744330374929579,-0.5597249704088672,-0.3089798266555632,-0.6686209890761214,-0.7376659368129019,-0.4510024644284641,42,204,4,6,1,2,29.333598930908416
-0.3744330374929579,-0.5597249704088672,-0.3089798266555632,-0.6686209890761214,-0.7376659368129019,-0.4510024644284641,42,204,4,8,1,1,34.50452962330984
-0.3744330374929579,-0.5597249704088672,-0.3089798266555632,-0.6686209890761214,-0.7376659368129019,-0.4510024644284641,42,204,4,8,1,2,34.50226465983573
-0.3744330374929579,-0.5597249704088672,-0.3089798266555632,-0.6686209890761214,-0.7376659368129019,-0.4510024644284641,42,204,4,2,2,1,20.50018179812656
-0.3744330374929579,-0.5597249704088672,-0.3089798266555632,-0.6686209890761214,-0.7376659368129019,-0.4510024644284641,42,204,4,2,2,2,20.500090899063345
-0.3744330374929579,-0.5597249704088672,-0.3089798266555632,-0.6686209890761214,-0.7376659368129019,-0.4510024644284641,42,204,4,4,2,1,22.00013982823484
-0.3744330374929579,-0.5597249704088672,-0.3089798266555632,-0.6686209890761214,-0.7376659368129019,-0.4510024644284641,42,204,4,4,2,2,22.000069915287188
-0.3744330374929579,-0.5597249704088672,-0.3089798266555632,-0.6686209890761214,-0.7376659368129019,-0.4510024644284641,42,204,4,6,2,1,34.00109287680722
-0.3744330374929579,-0.5597249704088672,-0.3089798266555632,-0.6686209890761214,-0.7376659368129019,-0.4510024644284641,42,204,4,6,2,2,34.000546437306255
-0.3744330374929579,-0.5597249704088672,-0.3089798266555632,-0.6686209890761214,-0.7376659368129019,-0.4510024644284641,42,204,4,8,2,1,39.50193315456943
-0.3744330374929579,-0.5597249704088672,-0.3089798266555632,-0.6686209890761214,-0.7376659368129019,-0.4510024644284641,42,204,4,8,2,2,39.5009665648422
1.1266834702540773,-0.6159184130716618,-0.8552886366868179,-0.6686209890761214,-0.7376659368129019,-0.958601316549912,16,104,4,2,1,1,23.017402350872654
1.1266834702540773,-0.6159184130716618,-0.8552886366868179,-0.6686209890761214,-0.7376659368129019,-0.958601316549912,16,104,4,2,1,2,23.00870117771581
1.1266834702540773,-0.6159184130716618,-0.8552886366868179,-0.6686209890761214,-0.7376659368129019,-0.958601316549912,16,104,4,4,1,1,22.00615180346452
1.1266834702540773,-0.6159184130716618,-0.8552886366868179,-0.6686209890761214,-0.7376659368129019,-0.958601316549912,16,104,4,4,1,2,22.00307896490948
1.1266834702540773,-0.6159184130716618,-0.8552886366868179,-0.6686209890761214,-0.7376659368129019,-0.958601316549912,16,104,4,6,1,1,23.172069929285907
1.1266834702540773,-0.6159184130716618,-0.8552886366868179,-0.6686209890761214,-0.7376659368129019,-0.958601316549912,16,104,4,6,1,2,23.1693711571288
1.1266834702540773,-0.6159184130716618,-0.8552886366868179,-0.6686209890761214,-0.7376659368129019,-0.958601316549912,16,104,4,8,1,1,21.499930821758863
1.1266834702540773,-0.6159184130716618,-0.8552886366868179,-0.6686209890761214,-0.7376659368129019,-0.958601316549912,16,104,4,8,1,2,21.499968846571804
1.1266834702540773,-0.6159184130716618,-0.8552886366868179,-0.6686209890761214,-0.7376659368129019,-0.958601316549912,16,104,4,2,2,1,23.007062621914596
1.1266834702540773,-0.6159184130716618,-0.8552886366868179,-0.6686209890761214,-0.7376659368129019,-0.958601316549912,16,104,4,2,2,2,23.00353131110967
1.1266834702540773,-0.6159184130716618,-0.8552886366868179,-0.6686209890761214,-0.7376659368129019,-0.958601316549912,16,104,4,4,2,1,22.00232832169049
1.1266834702540773,-0.6159184130716618,-0.8552886366868179,-0.6686209890761214,-0.7376659368129019,-0.958601316549912,16,104,4,4,2,2,22.001164528345026
1.1266834702540773,-0.6159184130716618,-0.8552886366868179,-0.6686209890761214,-0.7376659368129019,-0.958601316549912,16,104,4,6,2,1,23.669735866753186
1.1266834702540773,-0.6159184130716618,-0.8552886366868179,-0.6686209890761214,-0.7376659368129019,-0.958601316549912,16,104,4,6,2,2,23.668201630197956
1.1266834702540773,-0.6159184130716618,-0.8552886366868179,-0.6686209890761214,-0.7376659368129019,-0.958601316549912,16,104,4,8,2,1,25.504571526178342
1.1266834702540773,-0.6159184130716618,-0.8552886366868179,-0.6686209890761214,-0.7376659368129019,-0.958601316549912,16,104,4,8,2,2,25.502286044387713
-0.3239753397535618,-0.31751185548302807,1.8762554134694553,0.13988660324449725,-0.7376659368129019,2.8846471352267646,189,91,4,2,1,1,127.40835208150128
-0.3239753397535618,-0.31751185548302807,1.8762554134694553,0.13988660324449725,-0.7376659368129019,2.8846471352267646,189,91,4,2,1,2,127.4541755127672
-0.3239753397535618,-0.31751185548302807,1.8762554134694553,0.13988660324449725,-0.7376659368129019,2.8846471352267646,189,91,4,4,1,1,114.82199354873464
-0.3239753397535618,-0.31751185548302807,1.8762554134694553,0.13988660324449725,-0.7376659368129019,2.8846471352267646,189,91,4,4,1,2,114.91097628738335
-0.3239753397535618,-0.31751185548302807,1.8762554134694553,0.13988660324449725,-0.7376659368129019,2.8846471352267646,189,91,4,6,1,1,101.46132769431209
-0.3239753397535618,-0.31751185548302807,1.8762554134694553,0.13988660324449725,-0.7376659368129019,2.8846471352267646,189,91,4,6,1,2,101.56384806409659
-0.3239753397535618,-0.31751185548302807,1.8762554134694553,0.13988660324449725,-0.7376659368129019,2.8846471352267646,189,91,4,8,1,1,88.78069966671177
-0.3239753397535618,-0.31751185548302807,1.8762554134694553,0.13988660324449725,-0.7376659368129019,2.8846471352267646,189,91,4,8,1,2,88.89012249467947
-0.3239753397535618,-0.31751185548302807,1.8762554134694553,0.13988660324449725,-0.7376659368129019,2.8846471352267646,189,91,4,2,2,1,142.51301443710557
-0.3239753397535618,-0.31751185548302807,1.8762554134694553,0.13988660324449725,-0.7376659368129019,2.8846471352267646,189,91,4,2,2,2,142.50650734102
-0.3239753397535618,-0.31751185548302807,1.8762554134694553,0.13988660324449725,-0.7376659368129019,2.8846471352267646,189,91,4,4,2,1,102.27595531379544
-0.3239753397535618,-0.31751185548302807,1.8762554134694553,0.13988660324449725,-0.7376659368129019,2.8846471352267646,189,91,4,4,2,2,102.38779784831195
-0.3239753397535618,-0.31751185548302807,1.8762554134694553,0.13988660324449725,-0.7376659368129019,2.8846471352267646,189,91,4,6,2,1,117.74035837504442
-0.3239753397535618,-0.31751185548302807,1.8762554134694553,0.13988660324449725,-0.7376659368129019,2.8846471352267646,189,91,4,6,2,2,117.7867250595061
-0.3239753397535618,-0.31751185548302807,1.8762554134694553,0.13988660324449725,-0.7376659368129019,2.8846471352267646,189,91,4,8,2,1,130.19144793740438
-0.3239753397535618,-0.31751185548302807,1.8762554134694553,0.13988660324449725,-0.7376659368129019,2.8846471352267646,189,91,4,8,2,2,130.15801964013525
0.24367375981464484,-0.6779249704926766,-0.5821342316711905,-0.5675575400360441,-0.7376659368129019,-0.6685448296233704,77,28,4,2,1,1,22.50059274863779
0.24367375981464484,-0.6779249704926766,-0.5821342316711905,-0.5675575400360441,-0.7376659368129019,-0.6685448296233704,77,28,4,2,1,2,22.500296374320182
0.24367375981464484,-0.6779249704926766,-0.5821342316711905,-0.5675575400360441,-0.7376659368129019,-0.6685448296233704,77,28,4,4,1,1,19.498975631211692
0.24367375981464484,-0.6779249704926766,-0.5821342316711905,-0.5675575400360441,-0.7376659368129019,-0.6685448296233704,77,28,4,4,1,2,19.49948786412979
0.24367375981464484,-0.6779249704926766,-0.5821342316711905,-0.5675575400360441,-0.7376659368129019,-0.6685448296233704,77,28,4,6,1,1,26.340634426136294
0.24367375981464484,-0.6779249704926766,-0.5821342316711905,-0.5675575400360441,-0.7376659368129019,-0.6685448296233704,77,28,4,6,1,2,26.336982931213207
0.24367375981464484,-0.6779249704926766,-0.5821342316711905,-0.5675575400360441,-0.7376659368129019,-0.6685448296233704,77,28,4,8,1,1,23.750924266666622
0.24367375981464484,-0.6779249704926766,-0.5821342316711905,-0.5675575400360441,-0.7376659368129019,-0.6685448296233704,77,28,4,8,1,2,23.75046265032153
0.24367375981464484,-0.6779249704926766,-0.5821342316711905,-0.5675575400360441,-0.7376659368129019,-0.6685448296233704,77,28,4,2,2,1,27.0
0.24367375981464484,-0.6779249704926766,-0.5821342316711905,-0.5675575400360441,-0.7376659368129019,-0.6685448296233704,77,28,4,2,2,2,27.0
0.24367375981464484,-0.6779249704926766,-0.5821342316711905,-0.5675575400360441,-0.7376659368129019,-0.6685448296233704,77,28,4,4,2,1,28.000026078779843
0.24367375981464484,-0.6779249704926766,-0.5821342316711905,-0.5675575400360441,-0.7376659368129019,-0.6685448296233704,77,28,4,4,2,2,28.000013040458462
0.24367375981464484,-0.6779249704926766,-0.5821342316711905,-0.5675575400360441,-0.7376659368129019,-0.6685448296233704,77,28,4,6,2,1,23.33224392250655
0.24367375981464484,-0.6779249704926766,-0.5821342316711905,-0.5675575400360441,-0.7376659368129019,-0.6685448296233704,77,28,4,6,2,2,23.33278862913415
0.24367375981464484,-0.6779249704926766,-0.5821342316711905,-0.5675575400360441,-0.7376659368129019,-0.6685448296233704,77,28,4,8,2,1,22.999623004922785
0.24367375981464484,-0.6779249704926766,-0.5821342316711905,-0.5675575400360441,-0.7376659368129019,-0.6685448296233704,77,28,4,8,2,2,22.999811312739016
-0.2388279748183308,-0.6750184131135666,-0.8552886366868179,-0.4664940909959667,-0.04504830148475741,0.056596387692983786,19,16,4,2,1,1,33.502279366527226
-0.2388279748183308,-0.6750184131135666,-0.8552886366868179,-0.4664940909959667,-0.04504830148475741,0.056596387692983786,19,16,4,2,1,2,33.50113968350046
-0.2388279748183308,-0.6750184131135666,-0.8552886366868179,-0.4664940909959667,-0.04504830148475741,0.056596387692983786,19,16,4,4,1,1,31.24882094201378
-0.2388279748183308,-0.6750184131135666,-0.8552886366868179,-0.4664940909959667,-0.04504830148475741,0.056596387692983786,19,16,4,4,1,2,31.249410689932763
-0.2388279748183308,-0.6750184131135666,-0.8552886366868179,-0.4664940909959667,-0.04504830148475741,0.056596387692983786,19,16,4,6,1,1,32.83499453486047
-0.2388279748183308,-0.6750184131135666,-0.8552886366868179,-0.4664940909959667,-0.04504830148475741,0.056596387692983786,19,16,4,6,1,2,32.834163808509075
-0.2388279748183308,-0.6750184131135666,-0.8552886366868179,-0.4664940909959667,-0.04504830148475741,0.056596387692983786,19,16,4,8,1,1,32.87611725163006
-0.2388279748183308,-0.6750184131135666,-0.8552886366868179,-0.4664940909959667,-0.04504830148475741,0.056596387692983786,19,16,4,8,1,2,32.875558737971744
-0.2388279748183308,-0.6750184131135666,-0.8552886366868179,-0.4664940909959667,-0.04504830148475741,0.056596387692983786,19,16,4,2,2,1,31.500030493525625
-0.2388279748183308,-0.6750184131135666,-0.8552886366868179,-0.4664940909959667,-0.04504830148475741,0.056596387692983786,19,16,4,2,2,2,31.500015246762832
-0.2388279748183308,-0.6750184131135666,-0.8552886366868179,-0.4664940909959667,-0.04504830148475741,0.056596387692983786,19,16,4,4,2,1,29.24909493616623
-0.2388279748183308,-0.6750184131135666,-0.8552886366868179,-0.4664940909959667,-0.04504830148475741,0.056596387692983786,19,16,4,4,2,2,29.249547470230556
-0.2388279748183308,-0.6750184131135666,-0.8552886366868179,-0.4664940909959667,-0.04504830148475741,0.056596387692983786,19,16,4,6,2,1,30.49991286852777
-0.2388279748183308,-0.6750184131135666,-0.8552886366868179,-0.4664940909959667,-0.04504830148475741,0.056596387692983786,19,16,4,6,2,2,30.49995640830921
-0.2388279748183308,-0.6750184131135666,-0.8552886366868179,-0.4664940909959667,-0.04504830148475741,0.056596387692983786,19,16,4,8,2,1,33.378575173518676
-0.2388279748183308,-0.6750184131135666,-0.8552886366868179,-0.4664940909959667,-0.04504830148475741,0.056596387692983786,19,16,4,8,2,2,33.37678719156049
-0.6393359506247877,1.1357668340720066,0.4194319200527764,0.13988660324449725,0.8784418789527686,0.12911050942461919,214,150,4,2,1,1,169.92716477911608
-0.6393359506247877,1.1357668340720066,0.4194319200527764,0.13988660324449725,0.8784418789527686,0.12911050942461919,214,150,4,2,1,2,169.9635823561102
-0.6393359506247877,1.1357668340720066,0.4194319200527764,0.13988660324449725,0.8784418789527686,0.12911050942461919,214,150,4,4,1,1,146.42771977615593
-0.6393359506247877,1.1357668340720066,0.4194319200527764,0.13988660324449725,0.8784418789527686,0.12911050942461919,214,150,4,4,1,2,146.4638333179743
-0.6393359506247877,1.1357668340720066,0.4194319200527764,0.13988660324449725,0.8784418789527686,0.12911050942461919,214,150,4,6,1,1,143.11004358809456
-0.6393359506247877,1.1357668340720066,0.4194319200527764,0.13988660324449725,0.8784418789527686,0.12911050942461919,214,150,4,6,1,2,143.13832398353856
-0.6393359506247877,1.1357668340720066,0.4194319200527764,0.13988660324449725,0.8784418789527686,0.12911050942461919,214,150,4,8,1,1,135.30174197409892
-0.6393359506247877,1.1357668340720066,0.4194319200527764,0.13988660324449725,0.8784418789527686,0.12911050942461919,214,150,4,8,1,2,135.3383436419928
-0.6393359506247877,1.1357668340720066,0.4194319200527764,0.13988660324449725,0.8784418789527686,0.12911050942461919,214,150,4,2,2,1,169.96245981269047
-0.6393359506247877,1.1357668340720066,0.4194319200527764,0.13988660324449725,0.8784418789527686,0.12911050942461919,214,150,4,2,2,2,169.9812299017656
-0.6393359506247877,1.1357668340720066,0.4194319200527764,0.13988660324449725,0.8784418789527686,0.12911050942461919,214,150,4,4,2,1,174.24330876353244
-0.6393359506247877,1.1357668340720066,0.4194319200527764,0.13988660324449725,0.8784418789527686,0.12911050942461919,214,150,4,4,2,2,174.2466488617427
-0.6393359506247877,1.1357668340720066,0.4194319200527764,0.13988660324449725,0.8784418789527686,0.12911050942461919,214,150,4,6,2,1,153.46534064487287
-0.6393359506247877,1.1357668340720066,0.4194319200527764,0.13988660324449725,0.8784418789527686,0.12911050942461919,214,150,4,6,2,2,153.4826671777943
-0.6393359506247877,1.1357668340720066,0.4194319200527764,0.13988660324449725,0.8784418789527686,0.12911050942461919,214,150,4,8,2,1,135.2944550130415
-0.6393359506247877,1.1357668340720066,0.4194319200527764,0.13988660324449725,0.8784418789527686,0.12911050942461919,214,150,4,8,2,2,135.3347310316191
-0.6077998895376651,-0.31751185548302807,-0.3089798266555632,-0.4664940909959667,-0.7376659368129019,-0.596030707891735,56,127,4,2,1,1,47.49077313291218
-0.6077998895376651,-0.31751185548302807,-0.3089798266555632,-0.4664940909959667,-0.7376659368129019,-0.596030707891735,56,127,4,2,1,2,47.49538656627829
-0.6077998895376651,-0.31751185548302807,-0.3089798266555632,-0.4664940909959667,-0.7376659368129019,-0.596030707891735,56,127,4,4,1,1,42.23944941469653
-0.6077998895376651,-0.31751185548302807,-0.3089798266555632,-0.4664940909959667,-0.7376659368129019,-0.596030707891735,56,127,4,4,1,2,42.24472380812719
-0.6077998895376651,-0.31751185548302807,-0.3089798266555632,-0.4664940909959667,-0.7376659368129019,-0.596030707891735,56,127,4,6,1,1,39.15636758999134
-0.6077998895376651,-0.31751185548302807,-0.3089798266555632,-0.4664940909959667,-0.7376659368129019,-0.596030707891735,56,127,4,6,1,2,39.16151566478508
-0.6077998895376651,-0.31751185548302807,-0.3089798266555632,-0.4664940909959667,-0.7376659368129019,-0.596030707891735,56,127,4,8,1,1,35.86099838358903
-0.6077998895376651,-0.31751185548302807,-0.3089798266555632,-0.4664940909959667,-0.7376659368129019,-0.596030707891735,56,127,4,8,1,2,35.8679975103874
-0.6077998895376651,-0.31751185548302807,-0.3089798266555632,-0.4664940909959667,-0.7376659368129019,-0.596030707891735,56,127,4,2,2,1,47.49948896899931
-0.6077998895376651,-0.31751185548302807,-0.3089798266555632,-0.4664940909959667,-0.7376659368129019,-0.596030707891735,56,127,4,2,2,2,47.499744484499615
-0.6077998895376651,-0.31751185548302807,-0.3089798266555632,-0.4664940909959667,-0.7376659368129019,-0.596030707891735,56,127,4,4,2,1,43.24827789887712
-0.6077998895376651,-0.31751185548302807,-0.3089798266555632,-0.4664940909959667,-0.7376659368129019,-0.596030707891735,56,127,4,4,2,2,43.249138938058266
-0.6077998895376651,-0.31751185548302807,-0.3089798266555632,-0.4664940909959667,-0.7376659368129019,-0.596030707891735,56,127,4,6,2,1,39.16460285398752
-0.6077998895376651,-0.31751185548302807,-0.3089798266555632,-0.4664940909959667,-0.7376659368129019,-0.596030707891735,56,127,4,6,2,2,39.16563469573104
-0.6077998895376651,-0.31751185548302807,-0.3089798266555632,-0.4664940909959667,-0.7376659368129019,-0.596030707891735,56,127,4,8,2,1,40.12338569354169
-0.6077998895376651,-0.31751185548302807,-0.3089798266555632,-0.4664940909959667,-0.7376659368129019,-0.596030707891735,56,127,4,8,2,2,40.12419278744452
-0.13475897323082625,-0.6779249704926766,-0.3089798266555632,-0.4664940909959667,-0.7376659368129019,-0.4510024644284641,62,49,4,2,1,1,31.497963562624953
-0.13475897323082625,-0.6779249704926766,-0.3089798266555632,-0.4664940909959667,-0.7376659368129019,-0.4510024644284641,62,49,4,2,1,2,31.49898178130668
-0.13475897323082625,-0.6779249704926766,-0.3089798266555632,-0.4664940909959667,-0.7376659368129019,-0.4510024644284641,62,49,4,4,1,1,32.24645536593907
-0.13475897323082625,-0.6779249704926766,-0.3089798266555632,-0.4664940909959667,-0.7376659368129019,-0.4510024644284641,62,49,4,4,1,2,32.24822794129523
-0.13475897323082625,-0.6779249704926766,-0.3089798266555632,-0.4664940909959667,-0.7376659368129019,-0.4510024644284641,62,49,4,6,1,1,29.995180785376554
-0.13475897323082625,-0.6779249704926766,-0.3089798266555632,-0.4664940909959667,-0.7376659368129019,-0.4510024644284641,62,49,4,6,1,2,29.99759027922118
-0.13475897323082625,-0.6779249704926766,-0.3089798266555632,-0.4664940909959667,-0.7376659368129019,-0.4510024644284641,62,49,4,8,1,1,37.88113273768207
-0.13475897323082625,-0.6779249704926766,-0.3089798266555632,-0.4664940909959667,-0.7376659368129019,-0.4510024644284641,62,49,4,8,1,2,37.87806568468719
-0.13475897323082625,-0.6779249704926766,-0.3089798266555632,-0.4664940909959667,-0.7376659368129019,-0.4510024644284641,62,49,4,2,2,1,31.49731350945134
-0.13475897323082625,-0.6779249704926766,-0.3089798266555632,-0.4664940909959667,-0.7376659368129019,-0.4510024644284641,62,49,4,2,2,2,31.498656754712368
-0.13475897323082625,-0.6779249704926766,-0.3089798266555632,-0.4664940909959667,-0.7376659368129019,-0.4510024644284641,62,49,4,4,2,1,37.24903923459695
-0.13475897323082625,-0.6779249704926766,-0.3089798266555632,-0.4664940909959667,-0.7376659368129019,-0.4510024644284641,62,49,4,4,2,2,37.24951960102394
-0.13475897323082625,-0.6779249704926766,-0.3089798266555632,-0.4664940909959667,-0.7376659368129019,-0.4510024644284641,62,49,4,6,2,1,32.4968656758871
-0.13475897323082625,-0.6779249704926766,-0.3089798266555632,-0.4664940909959667,-0.7376659368129019,-0.4510024644284641,62,49,4,6,2,2,32.49843282952971
-0.13475897323082625,-0.6779249704926766,-0.3089798266555632,-0.4664940909959667,-0.7376659368129019,-0.4510024644284641,62,49,4,8,2,1,32.37181310377502
-0.13475897323082625,-0.6779249704926766,-0.3089798266555632,-0.4664940909959667,-0.7376659368129019,-0.4510024644284641,62,49,4,8,2,2,32.37340654404119
-0.21359912594863273,-0.7399315279136914,-0.8552886366868179,-0.6686209890761214,-0.2759208465941389,0.7092234832777025,22,72,4,2,1,1,29.999735585183924
-0.21359912594863273,-0.7399315279136914,-0.8552886366868179,-0.6686209890761214,-0.2759208465941389,0.7092234832777025,22,72,4,2,1,2,29.99986779259138
-0.21359912594863273,-0.7399315279136914,-0.8552886366868179,-0.6686209890761214,-0.2759208465941389,0.7092234832777025,22,72,4,4,1,1,28.999773667871295
-0.21359912594863273,-0.7399315279136914,-0.8552886366868179,-0.6686209890761214,-0.2759208465941389,0.7092234832777025,22,72,4,4,1,2,28.999886790128134
-0.21359912594863273,-0.7399315279136914,-0.8552886366868179,-0.6686209890761214,-0.2759208465941389,0.7092234832777025,22,72,4,6,1,1,30.502527787514154
-0.21359912594863273,-0.7399315279136914,-0.8552886366868179,-0.6686209890761214,-0.2759208465941389,0.7092234832777025,22,72,4,6,1,2,30.5012633699792
-0.21359912594863273,-0.7399315279136914,-0.8552886366868179,-0.6686209890761214,-0.2759208465941389,0.7092234832777025,22,72,4,8,1,1,33.00821311229039
-0.21359912594863273,-0.7399315279136914,-0.8552886366868179,-0.6686209890761214,-0.2759208465941389,0.7092234832777025,22,72,4,8,1,2,33.00410554533561
-0.21359912594863273,-0.7399315279136914,-0.8552886366868179,-0.6686209890761214,-0.2759208465941389,0.7092234832777025,22,72,4,2,2,1,28.999727378937624
-0.21359912594863273,-0.7399315279136914,-0.8552886366868179,-0.6686209890761214,-0.2759208465941389,0.7092234832777025,22,72,4,2,2,2,28.999863689466288
-0.21359912594863273,-0.7399315279136914,-0.8552886366868179,-0.6686209890761214,-0.2759208465941389,0.7092234832777025,22,72,4,4,2,1,33.754127679217135
-0.21359912594863273,-0.7399315279136914,-0.8552886366868179,-0.6686209890761214,-0.2759208465941389,0.7092234832777025,22,72,4,4,2,2,33.75206348864215
-0.21359912594863273,-0.7399315279136914,-0.8552886366868179,-0.6686209890761214,-0.2759208465941389,0.7092234832777025,22,72,4,6,2,1,35.83781323534235
-0.21359912594863273,-0.7399315279136914,-0.8552886366868179,-0.6686209890761214,-0.2759208465941389,0.7092234832777025,22,72,4,6,2,2,35.83557332439655
-0.21359912594863273,-0.7399315279136914,-0.8552886366868179,-0.6686209890761214,-0.2759208465941389,0.7092234832777025,22,72,4,8,2,1,37.37861513897029
-0.21359912594863273,-0.7399315279136914,-0.8552886366868179,-0.6686209890761214,-0.2759208465941389,0.7092234832777025,22,72,4,8,2,2,37.37680802097211
-0.6929472544728961,3.07347175347872,1.8762554134694553,0.9483941955651158,2.7254222398278207,1.2893364571307857,489,7,4,2,1,1,385.96703942695245
-0.6929472544728961,3.07347175347872,1.8762554134694553,0.9483941955651158,2.7254222398278207,1.2893364571307857,489,7,4,2,1,2,385.98351970107717
-0.6929472544728961,3.07347175347872,1.8762554134694553,0.9483941955651158,2.7254222398278207,1.2893364571307857,489,7,4,4,1,1,353.84556490000233
-0.6929472544728961,3.07347175347872,1.8762554134694553,0.9483941955651158,2.7254222398278207,1.2893364571307857,489,7,4,4,1,2,353.9227576771356
-0.6929472544728961,3.07347175347872,1.8762554134694553,0.9483941955651158,2.7254222398278207,1.2893364571307857,489,7,4,6,1,1,300.95480766183204
-0.6929472544728961,3.07347175347872,1.8762554134694553,0.9483941955651158,2.7254222398278207,1.2893364571307857,489,7,4,6,1,2,301.227533325623
-0.6929472544728961,3.07347175347872,1.8762554134694553,0.9483941955651158,2.7254222398278207,1.2893364571307857,489,7,4,8,1,1,277.96162676388076
-0.6929472544728961,3.07347175347872,1.8762554134694553,0.9483941955651158,2.7254222398278207,1.2893364571307857,489,7,4,8,1,2,278.29315723927306
-0.6929472544728961,3.07347175347872,1.8762554134694553,0.9483941955651158,2.7254222398278207,1.2893364571307857,489,7,4,2,2,1,385.96921301526584
-0.6929472544728961,3.07347175347872,1.8762554134694553,0.9483941955651158,2.7254222398278207,1.2893364571307857,489,7,4,2,2,2,385.9846064975286
-0.6929472544728961,3.07347175347872,1.8762554134694553,0.9483941955651158,2.7254222398278207,1.2893364571307857,489,7,4,4,2,1,326.8583434721982
-0.6929472544728961,3.07347175347872,1.8762554134694553,0.9483941955651158,2.7254222398278207,1.2893364571307857,489,7,4,4,2,2,327.1791237246173
-0.6929472544728961,3.07347175347872,1.8762554134694553,0.9483941955651158,2.7254222398278207,1.2893364571307857,489,7,4,6,2,1,306.7356793928881
-0.6929472544728961,3.07347175347872,1.8762554134694553,0.9483941955651158,2.7254222398278207,1.2893364571307857,489,7,4,6,2,2,307.03396529760283
-0.6929472544728961,3.07347175347872,1.8762554134694553,0.9483941955651158,2.7254222398278207,1.2893364571307857,489,7,4,8,2,1,267.8757212118064
-0.6929472544728961,3.07347175347872,1.8762554134694553,0.9483941955651158,2.7254222398278207,1.2893364571307857,489,7,4,8,2,2,268.249483216195
0.27520982090176743,-0.5597249704088672,-0.7642371683482754,-0.6686209890761214,-0.5067933917035204,-0.7410589513550058,16,80,4,2,1,1,16.49854204113581
0.27520982090176743,-0.5597249704088672,-0.7642371683482754,-0.6686209890761214,-0.5067933917035204,-0.7410589513550058,16,80,4,2,1,2,16.49927102056439
0.27520982090176743,-0.5597249704088672,-0.7642371683482754,-0.6686209890761214,-0.5067933917035204,-0.7410589513550058,16,80,4,4,1,1,18.250315622305266
0.27520982090176743,-0.5597249704088672,-0.7642371683482754,-0.6686209890761214,-0.5067933917035204,-0.7410589513550058,16,80,4,4,1,2,18.25015769459665
0.27520982090176743,-0.5597249704088672,-0.7642371683482754,-0.6686209890761214,-0.5067933917035204,-0.7410589513550058,16,80,4,6,1,1,23.33967359379474
0.27520982090176743,-0.5597249704088672,-0.7642371683482754,-0.6686209890761214,-0.5067933917035204,-0.7410589513550058,16,80,4,6,1,2,23.336502896811783
0.27520982090176743,-0.5597249704088672,-0.7642371683482754,-0.6686209890761214,-0.5067933917035204,-0.7410589513550058,16,80,4,8,1,1,23.755412603115317
0.27520982090176743,-0.5597249704088672,-0.7642371683482754,-0.6686209890761214,-0.5067933917035204,-0.7410589513550058,16,80,4,8,1,2,23.752706290797043
0.27520982090176743,-0.5597249704088672,-0.7642371683482754,-0.6686209890761214,-0.5067933917035204,-0.7410589513550058,16,80,4,2,2,1,16.49980208284088
0.27520982090176743,-0.5597249704088672,-0.7642371683482754,-0.6686209890761214,-0.5067933917035204,-0.7410589513550058,16,80,4,2,2,2,16.499901041420433
0.27520982090176743,-0.5597249704088672,-0.7642371683482754,-0.6686209890761214,-0.5067933917035204,-0.7410589513550058,16,80,4,4,2,1,20.500140258375797
0.27520982090176743,-0.5597249704088672,-0.7642371683482754,-0.6686209890761214,-0.5067933917035204,-0.7410589513550058,16,80,4,4,2,2,20.500070127989638
0.27520982090176743,-0.5597249704088672,-0.7642371683482754,-0.6686209890761214,-0.5067933917035204,-0.7410589513550058,16,80,4,6,2,1,18.332718187361646
0.27520982090176743,-0.5597249704088672,-0.7642371683482754,-0.6686209890761214,-0.5067933917035204,-0.7410589513550058,16,80,4,6,2,2,18.333025782229743
0.27520982090176743,-0.5597249704088672,-0.7642371683482754,-0.6686209890761214,-0.5067933917035204,-0.7410589513550058,16,80,4,8,2,1,23.0012911531528
0.27520982090176743,-0.5597249704088672,-0.7642371683482754,-0.6686209890761214,-0.5067933917035204,-0.7410589513550058,16,80,4,8,2,2,23.00064554205857
