Length,Diameter,Height,Whole weight,Shucked weight,Viscera weight,Shell weight,Rings,sampleNum,Sex_I,Sex_M
0.54,0.415,0.11,0.619,0.2755,0.15,0.1765,10,2895,True,False
0.5,0.385,0.155,0.762,0.3795,0.161,0.19,14,2398,True,False
0.51,0.34,0.18,0.7005,0.312,0.165,0.2,11,3331,False,False
0.615,0.5,0.165,1.327,0.6,0.3015,0.355,10,2601,False,False
0.53,0.41,0.165,0.8115,0.24,0.169,0.24,19,672,False,False
0.47,0.355,0.12,0.3685,0.126,0.0835,0.1365,6,1454,True,False
0.64,0.565,0.23,1.521,0.644,0.372,0.406,15,1394,False,True
0.56,0.45,0.16,1.0235,0.429,0.268,0.3,10,182,False,False
0.61,0.45,0.15,0.871,0.407,0.1835,0.25,10,1363,False,True
0.685,0.505,0.19,1.533,0.667,0.4055,0.41,10,2969,False,True
0.21,0.15,0.055,0.0465,0.017,0.012,0.015,5,1988,True,False
0.635,0.495,0.155,1.3635,0.583,0.2985,0.295,10,3464,False,True
0.49,0.375,0.135,0.6125,0.2555,0.102,0.22,11,116,False,False
0.535,0.42,0.15,0.7365,0.2785,0.186,0.215,14,742,False,False
0.63,0.495,0.145,1.147,0.5455,0.266,0.2885,9,2610,False,False
0.625,0.48,0.175,1.065,0.4865,0.259,0.285,10,4014,False,True
0.5,0.385,0.12,0.56,0.2835,0.103,0.135,8,958,True,False
0.52,0.405,0.14,0.8175,0.2795,0.183,0.26,17,743,False,False
0.715,0.55,0.19,2.0045,1.0465,0.407,0.5075,12,1197,False,True
0.595,0.47,0.155,1.121,0.4515,0.178,0.155,11,999,False,False
0.545,0.43,0.15,0.742,0.3525,0.158,0.208,10,2897,True,False
0.41,0.335,0.115,0.4405,0.19,0.085,0.135,8,3855,False,True
0.475,0.38,0.12,0.441,0.1785,0.0885,0.1505,8,1273,True,False
0.475,0.35,0.115,0.498,0.2375,0.099,0.14,7,3546,True,False
0.6,0.445,0.135,0.9205,0.445,0.2035,0.253,9,2918,True,False
0.58,0.45,0.14,1.013,0.38,0.216,0.36,14,84,False,True
0.27,0.195,0.06,0.073,0.0285,0.0235,0.03,5,125,True,False
0.48,0.385,0.145,0.64,0.2925,0.1405,0.1575,6,950,False,True
0.54,0.435,0.145,0.97,0.4285,0.22,0.264,17,3340,True,False
0.345,0.27,0.11,0.2135,0.082,0.0545,0.07,7,249,True,False
0.335,0.255,0.075,0.1635,0.0615,0.0345,0.057,8,3378,False,True
0.335,0.22,0.07,0.17,0.076,0.0365,0.05,6,3161,False,False
0.54,0.41,0.145,0.989,0.2815,0.213,0.355,19,2499,False,True
0.64,0.48,0.195,1.1435,0.4915,0.2345,0.353,9,3465,False,False
0.515,0.385,0.125,0.572,0.237,0.1435,0.165,7,3028,True,False
0.59,0.45,0.185,1.283,0.473,0.276,0.425,16,337,False,True
0.635,0.48,0.2,1.3655,0.6255,0.2595,0.425,16,3327,True,False
0.17,0.125,0.055,0.0235,0.009,0.0055,0.008,6,2343,True,False
0.545,0.42,0.165,0.8935,0.4235,0.2195,0.228,8,1787,True,False
0.53,0.425,0.13,0.781,0.3905,0.2005,0.215,9,3653,True,False
0.585,0.445,0.14,0.913,0.4305,0.2205,0.253,10,1647,False,False
0.175,0.125,0.04,0.028,0.0095,0.008,0.009,4,3600,True,False
0.64,0.485,0.16,1.006,0.456,0.2245,0.2835,9,3000,False,True
0.68,0.52,0.175,1.543,0.7525,0.351,0.374,11,3828,False,True
0.545,0.43,0.13,0.7595,0.358,0.153,0.2055,8,2896,True,False
0.415,0.305,0.13,0.32,0.1305,0.0755,0.105,8,219,False,False
0.565,0.455,0.15,0.9795,0.444,0.205,0.275,8,3981,False,True
0.585,0.47,0.17,1.099,0.3975,0.2325,0.358,20,2459,False,False
0.545,0.405,0.175,0.98,0.2585,0.207,0.38,18,3195,False,False
0.18,0.125,0.05,0.023,0.0085,0.0055,0.01,3,2371,False,True
0.51,0.455,0.135,0.6855,0.2875,0.154,0.2035,9,2019,True,False
0.66,0.51,0.165,1.6375,0.7685,0.3545,0.3925,14,1728,False,True
0.49,0.355,0.16,0.8795,0.3485,0.215,0.2825,8,1778,False,False
0.425,0.34,0.12,0.388,0.149,0.087,0.125,10,3217,False,True
0.645,0.53,0.195,1.39,0.6465,0.2945,0.3735,10,1176,False,True
0.29,0.21,0.075,0.275,0.113,0.0675,0.035,6,2123,False,False
0.51,0.415,0.145,0.751,0.3295,0.1835,0.203,8,3118,False,True
0.645,0.5,0.2,1.4285,0.639,0.305,0.36,11,2253,False,False
0.38,0.27,0.08,0.2105,0.0865,0.042,0.07,8,1241,True,False
0.495,0.38,0.135,0.5095,0.2065,0.1165,0.165,8,1852,True,False
0.37,0.28,0.095,0.2655,0.122,0.052,0.08,7,209,True,False
0.475,0.385,0.145,0.6175,0.235,0.108,0.215,14,670,False,True
0.66,0.5,0.155,1.3765,0.6485,0.288,0.335,12,3594,False,False
0.315,0.23,0.0,0.134,0.0575,0.0285,0.3505,6,3996,True,False
0.66,0.52,0.2,1.676,0.673,0.4805,0.45,17,746,False,False
0.735,0.555,0.22,2.333,1.2395,0.3645,0.6195,12,3599,False,True
0.33,0.23,0.08,0.14,0.0565,0.0365,0.046,7,4150,True,False
0.285,0.225,0.07,0.1005,0.0425,0.0185,0.035,7,3630,True,False
0.48,0.355,0.11,0.4495,0.201,0.089,0.14,8,4158,True,False
0.525,0.38,0.125,0.65,0.303,0.155,0.159,7,1783,False,True
0.485,0.355,0.105,0.498,0.2175,0.096,0.1525,9,839,True,False
0.44,0.35,0.14,0.451,0.171,0.0705,0.184,16,3316,False,True
0.405,0.31,0.065,0.3205,0.1575,0.066,0.088,6,2558,True,False
0.635,0.495,0.195,1.297,0.556,0.2985,0.37,11,2613,False,False
0.69,0.55,0.2,1.569,0.687,0.3675,0.46,12,1745,False,False
0.275,0.195,0.07,0.0875,0.0345,0.022,0.0255,4,2548,True,False
0.475,0.355,0.105,0.468,0.201,0.1115,0.12,8,2573,True,False
0.55,0.44,0.165,0.8605,0.312,0.169,0.3,17,3931,True,False
0.67,0.515,0.17,1.4265,0.6605,0.3395,0.37,11,3004,False,False
0.34,0.265,0.07,0.185,0.0625,0.0395,0.07,7,2554,True,False
0.6,0.475,0.18,1.162,0.511,0.2675,0.32,18,2270,False,False
0.39,0.29,0.09,0.2745,0.135,0.0455,0.078,8,3636,True,False
0.57,0.44,0.175,0.9415,0.3805,0.2285,0.283,9,1896,False,True
0.505,0.4,0.135,0.723,0.377,0.149,0.178,7,2649,False,True
0.415,0.325,0.1,0.313,0.139,0.0625,0.0965,7,1556,True,False
0.3,0.23,0.075,0.15,0.0605,0.042,0.045,5,3255,True,False
0.64,0.515,0.205,1.5335,0.6635,0.3345,0.4025,9,1506,False,False
0.67,0.52,0.15,1.406,0.519,0.348,0.37,13,2273,False,False
0.635,0.51,0.175,1.2125,0.5735,0.261,0.36,14,2266,False,False
0.215,0.155,0.06,0.0525,0.021,0.0165,0.015,5,784,True,False
0.59,0.465,0.16,1.1005,0.506,0.2525,0.295,13,2259,False,False
0.61,0.495,0.185,1.1085,0.3705,0.3135,0.33,12,379,False,False
0.66,0.525,0.2,1.463,0.6525,0.2995,0.422,11,2805,False,False
0.55,0.415,0.175,1.042,0.3295,0.2325,0.2905,15,785,False,True
0.57,0.45,0.14,0.795,0.3385,0.148,0.245,9,1627,False,True
0.535,0.42,0.125,0.738,0.355,0.1895,0.1795,8,2064,False,True
0.57,0.465,0.18,1.295,0.339,0.2225,0.44,12,85,False,False
0.46,0.38,0.135,0.482,0.207,0.1225,0.145,10,387,False,True
0.405,0.325,0.11,0.3555,0.151,0.063,0.117,9,138,False,False
0.56,0.45,0.16,0.922,0.432,0.178,0.26,15,198,False,True
0.455,0.35,0.14,0.5725,0.1965,0.1325,0.175,10,2215,False,False
0.235,0.17,0.055,0.0515,0.018,0.0105,0.0195,7,619,False,True
0.5,0.39,0.135,0.7815,0.361,0.1575,0.2385,9,2060,False,True
0.525,0.365,0.17,0.9605,0.438,0.2225,0.276,10,1782,False,True
0.625,0.52,0.175,1.4105,0.691,0.322,0.3465,10,1497,False,True
0.6,0.47,0.15,0.922,0.363,0.194,0.305,10,77,False,False
0.67,0.53,0.205,1.4015,0.643,0.2465,0.416,12,1969,False,False
0.285,0.215,0.06,0.0935,0.031,0.023,0.03,6,1991,True,False
0.48,0.37,0.13,0.5885,0.2475,0.1505,0.1595,15,3322,False,False
0.37,0.275,0.085,0.2045,0.096,0.056,0.08,6,3846,True,False
0.555,0.435,0.145,0.6975,0.262,0.1575,0.24,11,2765,True,False
0.5,0.38,0.11,0.5605,0.28,0.106,0.15,9,1855,True,False
0.61,0.485,0.18,1.2795,0.5735,0.2855,0.355,7,1675,False,False
0.5,0.415,0.165,0.6885,0.249,0.138,0.25,13,439,False,True
0.65,0.49,0.155,1.122,0.545,0.228,0.3055,9,2696,False,False
0.64,0.49,0.18,1.36,0.653,0.347,0.305,9,4064,False,False
0.285,0.215,0.075,0.106,0.0415,0.023,0.035,5,3358,False,True
0.63,0.495,0.175,1.2695,0.605,0.271,0.328,11,1698,False,True
0.65,0.505,0.175,1.2075,0.5105,0.262,0.39,10,3790,False,False
0.685,0.535,0.175,1.432,0.637,0.247,0.46,11,3710,False,True
0.55,0.465,0.18,1.2125,0.3245,0.205,0.525,27,2209,False,False
0.465,0.36,0.105,0.498,0.214,0.116,0.14,15,624,True,False
0.56,0.445,0.195,0.981,0.305,0.2245,0.335,16,599,False,False
0.535,0.4,0.135,0.8215,0.3935,0.196,0.205,8,977,False,False
0.43,0.34,0.1,0.3405,0.1395,0.0665,0.12,8,1840,True,False
0.435,0.325,0.1,0.366,0.174,0.0725,0.109,7,4030,True,False
0.405,0.305,0.12,0.3185,0.1235,0.0905,0.095,7,805,False,True
0.62,0.5,0.165,1.307,0.6355,0.2545,0.315,9,872,False,True
0.55,0.425,0.16,0.97,0.2885,0.139,0.48,20,3140,False,True
0.625,0.505,0.185,1.1565,0.52,0.2405,0.3535,10,1938,False,True
0.285,0.22,0.065,0.096,0.0405,0.0205,0.03,5,1063,True,False
0.6,0.475,0.16,1.164,0.5045,0.2635,0.335,12,3501,False,True
0.37,0.28,0.105,0.234,0.0905,0.0585,0.075,9,299,False,True
0.655,0.52,0.18,1.492,0.7185,0.36,0.355,11,3511,False,True
0.695,0.53,0.2,2.0475,0.75,0.4195,0.6095,14,2542,False,False
0.6,0.45,0.145,0.877,0.4325,0.155,0.24,9,2784,False,True
0.705,0.555,0.195,1.7525,0.7105,0.4215,0.516,12,3743,False,False
0.54,0.44,0.16,1.0905,0.391,0.2295,0.355,15,3941,False,False
0.635,0.48,0.145,1.181,0.665,0.229,0.225,10,4015,False,True
0.44,0.34,0.125,0.4895,0.1735,0.0875,0.2,13,3332,True,False
0.165,0.125,0.04,0.0245,0.0095,0.0045,0.008,4,3318,False,True
0.655,0.49,0.175,1.3585,0.6395,0.294,0.365,10,1407,False,True
0.61,0.48,0.19,1.2955,0.5215,0.3225,0.365,12,3233,False,False
0.625,0.42,0.165,1.0595,0.358,0.165,0.445,21,2180,False,False
0.625,0.47,0.145,0.984,0.475,0.2,0.265,11,1941,False,False
0.595,0.47,0.165,1.0155,0.491,0.1905,0.289,9,3499,False,False
0.61,0.495,0.165,1.0835,0.4525,0.273,0.317,9,3680,False,False
0.46,0.345,0.105,0.449,0.196,0.0945,0.1265,7,940,True,False
0.6,0.475,0.15,1.13,0.575,0.196,0.305,9,1656,False,False
0.7,0.58,0.205,2.13,0.7415,0.49,0.58,20,355,False,True
0.55,0.44,0.125,0.765,0.33,0.2125,0.245,9,3163,False,False
0.605,0.45,0.195,1.098,0.481,0.2895,0.315,13,74,False,False
0.67,0.525,0.195,1.42,0.573,0.368,0.3905,10,3625,False,False
0.495,0.33,0.1,0.44,0.177,0.095,0.15,7,3025,True,False
0.605,0.475,0.175,1.382,0.609,0.2325,0.3985,10,865,False,False
0.345,0.275,0.095,0.1995,0.0755,0.0535,0.07,6,394,True,False
0.43,0.35,0.09,0.397,0.1575,0.089,0.12,9,3157,False,False
0.55,0.415,0.18,1.1655,0.502,0.301,0.311,9,3731,False,False
0.57,0.445,0.155,0.733,0.282,0.159,0.235,14,527,False,False
0.485,0.385,0.105,0.556,0.296,0.104,0.133,7,3954,False,True
0.66,0.525,0.2,1.489,0.6065,0.3795,0.421,10,3104,False,True
0.32,0.24,0.09,0.1575,0.07,0.0265,0.0425,5,905,True,False
0.57,0.445,0.15,0.9875,0.504,0.207,0.249,8,1477,False,True
0.725,0.575,0.24,2.21,1.351,0.413,0.5015,13,1528,False,True
0.475,0.385,0.11,0.5735,0.311,0.1025,0.136,7,2572,True,False
0.47,0.345,0.12,0.3685,0.1525,0.0615,0.125,8,3643,True,False
0.605,0.48,0.155,0.9995,0.425,0.1985,0.3,10,2925,True,False
0.5,0.4,0.165,0.825,0.254,0.205,0.285,13,201,False,True
0.65,0.51,0.175,1.446,0.6485,0.2705,0.45,12,2803,False,True
0.72,0.58,0.195,2.103,1.0265,0.48,0.5375,10,1199,False,False
0.71,0.56,0.175,1.724,0.566,0.4575,0.4625,13,3080,False,True
0.34,0.265,0.085,0.1835,0.077,0.046,0.065,10,629,False,True
0.635,0.49,0.175,1.375,0.623,0.2705,0.395,11,1019,False,True
0.41,0.325,0.105,0.361,0.1605,0.0665,0.103,8,3111,True,False
0.305,0.23,0.075,0.1455,0.0595,0.0305,0.05,6,3802,True,False
0.575,0.425,0.14,0.8635,0.393,0.227,0.2,11,29,False,True
0.57,0.435,0.14,0.8585,0.3905,0.196,0.2295,8,2588,False,False
0.685,0.565,0.175,1.638,0.7775,0.375,0.438,11,1744,False,False
0.515,0.395,0.125,0.5805,0.2365,0.1075,0.19,9,4073,True,False
0.235,0.175,0.055,0.067,0.027,0.0125,0.018,6,812,True,False
0.38,0.29,0.1,0.237,0.108,0.0395,0.082,6,1547,True,False
0.64,0.525,0.175,1.382,0.646,0.3115,0.37,9,4016,False,False
0.58,0.455,0.12,1.0735,0.479,0.2735,0.265,10,367,False,False
0.78,0.63,0.215,2.657,1.488,0.4985,0.586,11,1209,False,False
0.605,0.455,0.16,1.1035,0.421,0.3015,0.325,9,866,False,True
0.275,0.195,0.09,0.1125,0.0545,0.0295,0.0355,6,1214,True,False
0.68,0.55,0.175,1.473,0.713,0.282,0.4295,11,4020,False,False
0.475,0.365,0.115,0.566,0.281,0.117,0.1335,7,1457,False,False
0.51,0.405,0.15,0.7035,0.347,0.134,0.1885,8,968,False,True
0.51,0.4,0.13,0.5735,0.219,0.1365,0.195,13,639,False,False
0.69,0.515,0.18,1.8445,0.9815,0.4655,0.341,13,2970,False,True
0.455,0.365,0.115,0.4305,0.184,0.108,0.1245,8,1263,False,False
0.66,0.535,0.205,1.4415,0.5925,0.2775,0.49,10,1964,False,False
0.295,0.215,0.07,0.121,0.047,0.0155,0.0405,6,1533,True,False
0.64,0.495,0.165,1.307,0.678,0.292,0.266,11,3001,False,True
0.435,0.315,0.11,0.3685,0.1615,0.0715,0.12,7,1259,True,False
0.28,0.2,0.08,0.0915,0.033,0.0215,0.03,5,517,False,True
0.5,0.385,0.135,0.6425,0.3195,0.129,0.1535,7,959,False,True
0.335,0.245,0.09,0.2015,0.096,0.0405,0.048,7,1222,True,False
0.61,0.48,0.15,1.2,0.56,0.2455,0.28,14,349,False,True
0.605,0.495,0.145,1.054,0.369,0.2255,0.36,12,598,True,False
0.545,0.41,0.14,0.625,0.223,0.16,0.235,13,419,False,True
0.435,0.35,0.125,0.459,0.197,0.1145,0.145,9,3250,False,False
0.72,0.565,0.19,2.081,1.0815,0.4305,0.503,11,1982,False,True
0.335,0.265,0.095,0.1975,0.0795,0.0375,0.07,9,3205,False,True
0.7,0.525,0.19,1.6465,0.8545,0.307,0.3995,9,1194,False,False
0.415,0.31,0.095,0.311,0.1125,0.0625,0.115,8,1838,True,False
0.645,0.49,0.19,1.3065,0.479,0.3565,0.345,18,3918,False,False
0.655,0.51,0.155,1.2895,0.5345,0.2855,0.41,11,492,False,False
0.53,0.42,0.13,0.658,0.296,0.1245,0.198,8,3554,True,False
0.575,0.48,0.15,0.9465,0.4355,0.2605,0.2505,9,3099,False,True
0.64,0.51,0.2,1.3905,0.61,0.3315,0.41,12,2159,False,False
0.44,0.325,0.11,0.4965,0.258,0.1195,0.1075,8,4031,True,False
0.53,0.405,0.125,0.6515,0.2715,0.1605,0.186,7,976,False,True
0.735,0.57,0.21,2.2355,1.1705,0.463,0.5315,10,2862,False,True
0.33,0.235,0.09,0.163,0.0615,0.034,0.055,10,3371,False,True
0.615,0.51,0.15,1.296,0.545,0.3315,0.32,9,869,False,True
0.51,0.4,0.12,0.7005,0.347,0.1105,0.195,10,1858,False,False
0.265,0.195,0.055,0.084,0.0365,0.0175,0.025,7,1060,True,False
0.48,0.405,0.13,0.6375,0.277,0.1445,0.21,10,2300,False,False
0.57,0.43,0.12,1.0615,0.348,0.167,0.31,15,759,False,True
0.58,0.44,0.125,0.7855,0.363,0.1955,0.195,11,2911,False,False
0.535,0.415,0.15,0.5765,0.3595,0.135,0.225,8,1302,True,False
0.55,0.45,0.145,0.741,0.295,0.1435,0.2665,10,141,False,False
0.63,0.475,0.15,1.072,0.433,0.2975,0.315,8,3788,False,False
0.63,0.485,0.165,1.233,0.6565,0.2315,0.3035,10,1697,False,True
0.595,0.475,0.16,1.3175,0.408,0.234,0.58,21,83,False,True
0.49,0.37,0.105,0.5265,0.249,0.1005,0.148,7,3414,False,False
0.65,0.515,0.175,1.466,0.677,0.3045,0.4,10,1511,False,True
0.49,0.375,0.115,0.557,0.2275,0.1335,0.1765,8,4123,True,False
0.57,0.425,0.14,0.7655,0.331,0.14,0.24,10,4129,True,False
0.58,0.445,0.145,0.888,0.41,0.1815,0.2425,8,2590,False,False
0.49,0.4,0.135,0.624,0.3035,0.1285,0.169,8,1577,True,False
0.475,0.38,0.14,0.689,0.3165,0.1315,0.1955,7,2056,False,False
0.64,0.525,0.18,1.3135,0.4865,0.2995,0.4075,10,1395,False,True
0.615,0.45,0.15,1.198,0.707,0.2095,0.2505,7,2678,False,True
0.205,0.15,0.065,0.04,0.02,0.011,0.013,4,2545,True,False
0.585,0.465,0.19,1.171,0.3905,0.2355,0.4,17,2237,False,True
0.55,0.435,0.14,0.7625,0.327,0.1685,0.259,10,1611,False,True
0.59,0.45,0.125,0.86,0.437,0.1515,0.245,9,3778,True,False
0.655,0.505,0.165,1.27,0.6035,0.262,0.335,10,3622,False,True
0.69,0.54,0.155,1.454,0.624,0.3105,0.39,9,1188,False,False
0.625,0.48,0.185,1.2065,0.587,0.29,0.286,8,1171,False,True
0.39,0.31,0.1,0.302,0.116,0.064,0.115,11,395,True,False
0.63,0.515,0.165,1.352,0.488,0.349,0.45,20,417,False,True
0.47,0.365,0.12,0.612,0.327,0.15,0.14,8,945,False,True
0.62,0.54,0.165,1.139,0.4995,0.2435,0.357,11,1681,False,False
0.585,0.45,0.135,0.855,0.3795,0.187,0.26,9,2912,True,False
0.475,0.39,0.12,0.5305,0.2135,0.1155,0.17,10,68,False,False
0.605,0.475,0.14,1.1175,0.555,0.257,0.274,9,1158,False,True
0.475,0.36,0.1,0.4285,0.1965,0.099,0.112,7,1570,False,True
0.575,0.45,0.135,0.9215,0.354,0.209,0.2365,9,3123,False,True
0.705,0.545,0.17,1.58,0.6435,0.4565,0.265,11,1748,False,False
0.695,0.55,0.155,1.8495,0.767,0.442,0.4175,10,2620,False,False
0.705,0.555,0.215,2.141,1.0465,0.383,0.528,11,1418,False,True
0.525,0.4,0.125,0.5655,0.2435,0.119,0.175,8,3810,True,False
0.64,0.485,0.15,1.098,0.5195,0.222,0.3175,10,2798,False,True
0.35,0.26,0.09,0.195,0.0745,0.041,0.0655,9,3315,False,True
0.605,0.48,0.175,1.1685,0.4815,0.2305,0.356,9,3822,False,False
0.615,0.475,0.145,0.9525,0.3915,0.195,0.32,9,3842,False,False
0.41,0.305,0.1,0.2645,0.1,0.0655,0.085,7,4068,True,False
0.14,0.105,0.035,0.0145,0.005,0.0035,0.005,4,3899,True,False
0.595,0.465,0.125,0.799,0.3245,0.2,0.23,10,2173,False,True
0.44,0.325,0.115,0.39,0.163,0.087,0.113,7,2490,False,True
0.645,0.505,0.185,1.463,0.592,0.3905,0.416,10,3002,False,True
0.425,0.33,0.13,0.4405,0.152,0.0935,0.155,9,802,False,True
0.57,0.455,0.15,0.96,0.387,0.2385,0.275,11,3230,False,True
0.385,0.28,0.09,0.228,0.1025,0.042,0.0655,5,1245,True,False
0.645,0.525,0.16,1.5075,0.7455,0.245,0.4325,11,1398,False,True
0.39,0.29,0.125,0.3055,0.121,0.082,0.09,7,226,False,False
0.6,0.465,0.165,0.8875,0.309,0.246,0.262,12,789,False,False
0.27,0.2,0.08,0.1205,0.0465,0.028,0.04,6,264,False,True
0.675,0.525,0.17,1.8095,0.784,0.391,0.455,12,886,False,False
0.705,0.565,0.515,2.21,1.1075,0.4865,0.512,10,1417,False,True
0.455,0.365,0.135,0.441,0.1515,0.1165,0.145,9,3908,True,False
0.71,0.565,0.205,2.198,1.012,0.5225,0.5475,11,1048,False,True
0.44,0.35,0.125,0.4035,0.175,0.063,0.129,9,131,False,False
0.525,0.415,0.15,0.7055,0.329,0.147,0.199,10,2755,False,False
0.565,0.43,0.135,0.8545,0.321,0.1775,0.275,11,3919,True,False
0.33,0.26,0.08,0.19,0.0765,0.0385,0.065,7,2216,True,False
0.515,0.4,0.14,0.7365,0.2955,0.184,0.185,16,3890,False,True
0.49,0.385,0.14,0.5425,0.198,0.127,0.175,11,3321,True,False
0.62,0.47,0.14,0.8565,0.3595,0.16,0.295,9,1684,True,False
0.55,0.425,0.14,0.952,0.4895,0.1945,0.2185,7,3121,False,False
0.18,0.125,0.035,0.0265,0.0095,0.0055,0.0085,4,718,True,False
0.58,0.49,0.13,1.1335,0.586,0.2565,0.237,9,995,False,True
0.605,0.475,0.165,1.056,0.433,0.2195,0.357,9,1160,False,False
0.61,0.485,0.21,1.3445,0.535,0.2205,0.515,20,2358,False,False
0.415,0.31,0.09,0.3245,0.1305,0.0735,0.115,8,2148,False,True
0.535,0.405,0.14,0.7315,0.336,0.156,0.19,7,3657,False,True
0.6,0.495,0.165,1.2415,0.485,0.2775,0.34,15,254,False,True
0.46,0.355,0.13,0.517,0.2205,0.114,0.165,9,88,False,False
0.625,0.485,0.19,1.1745,0.4385,0.2305,0.42,17,504,False,False
0.325,0.24,0.085,0.173,0.0795,0.038,0.05,7,640,False,True
0.54,0.42,0.14,0.8035,0.38,0.1805,0.21,9,2832,False,False
0.455,0.435,0.11,0.4265,0.195,0.09,0.1205,8,3542,True,False
0.625,0.485,0.16,1.2135,0.631,0.2235,0.302,9,3585,False,True
0.555,0.435,0.14,0.7495,0.341,0.1645,0.214,8,1882,False,True
0.65,0.51,0.19,1.542,0.7155,0.3735,0.375,9,1402,False,True
0.645,0.515,0.16,1.1845,0.506,0.311,0.335,9,2689,False,True
0.28,0.215,0.07,0.124,0.063,0.0215,0.03,6,4149,True,False
0.6,0.495,0.175,1.3005,0.6195,0.284,0.3285,11,1798,False,True
0.72,0.55,0.2,1.9965,0.9035,0.469,0.5215,10,1200,False,False
0.4,0.31,0.1,0.2875,0.1145,0.0635,0.095,10,2320,True,False
0.585,0.465,0.16,0.9555,0.4595,0.236,0.265,7,1151,False,True
0.75,0.61,0.235,2.5085,1.232,0.519,0.612,14,1427,False,False
0.545,0.45,0.15,0.978,0.3365,0.1905,0.3,11,765,False,True
0.305,0.23,0.08,0.156,0.0675,0.0345,0.048,7,136,False,False
0.67,0.535,0.185,1.597,0.6275,0.35,0.47,21,3930,False,False
0.475,0.37,0.125,0.655,0.266,0.1725,0.185,10,3862,False,True
0.53,0.4,0.125,0.7575,0.398,0.151,0.175,8,1471,False,True
0.615,0.475,0.13,0.8425,0.353,0.1915,0.251,8,1493,True,False
0.635,0.515,0.16,1.2075,0.5385,0.282,0.345,11,2949,False,True
0.24,0.175,0.055,0.0705,0.025,0.014,0.021,5,893,True,False
0.365,0.275,0.09,0.2345,0.108,0.051,0.0625,7,3531,True,False
0.375,0.275,0.095,0.2295,0.095,0.0545,0.066,7,2722,True,False
0.475,0.36,0.135,0.4355,0.196,0.0925,0.125,8,3545,True,False
0.425,0.345,0.11,0.3665,0.125,0.081,0.117,11,799,False,False
0.64,0.49,0.14,1.194,0.4445,0.238,0.375,15,3162,False,True
0.515,0.375,0.14,0.6505,0.2495,0.141,0.2215,10,2388,True,False
0.625,0.5,0.175,1.0565,0.4615,0.258,0.305,10,4051,False,True
0.695,0.56,0.22,1.834,0.8455,0.422,0.455,11,890,False,False
0.5,0.395,0.14,0.6215,0.2925,0.1205,0.195,9,1286,True,False
0.58,0.46,0.155,1.0335,0.469,0.2225,0.295,10,1644,False,True
0.39,0.29,0.1,0.2225,0.095,0.0465,0.073,7,1553,True,False
0.395,0.295,0.1,0.293,0.14,0.062,0.082,7,2043,True,False
0.49,0.375,0.115,0.4615,0.204,0.0945,0.143,8,1576,True,False
0.705,0.54,0.205,1.757,0.8265,0.417,0.461,9,2808,False,False
0.41,0.31,0.09,0.339,0.155,0.0695,0.09,7,917,True,False
0.635,0.5,0.165,1.273,0.6535,0.213,0.365,12,1947,False,True
0.585,0.46,0.17,0.9325,0.365,0.271,0.29,9,189,False,False
0.55,0.435,0.14,0.7995,0.295,0.1905,0.238,10,1880,True,False
0.725,0.57,0.205,1.6195,0.744,0.315,0.488,11,1983,False,False
0.46,0.365,0.115,0.511,0.2365,0.118,0.123,7,2824,True,False
0.615,0.495,0.155,1.2865,0.435,0.293,0.3245,11,3126,False,True
0.38,0.275,0.095,0.1375,0.086,0.0585,0.0605,7,822,True,False
0.47,0.35,0.13,0.466,0.1845,0.099,0.145,11,652,True,False
0.49,0.38,0.13,0.539,0.229,0.1355,0.165,12,3176,False,False
0.54,0.42,0.19,0.6855,0.293,0.163,0.38,10,3034,False,True
0.54,0.405,0.125,0.891,0.4815,0.1915,0.202,9,845,False,True
0.6,0.46,0.145,0.9325,0.3985,0.2245,0.248,8,2596,False,False
0.4,0.305,0.16,0.368,0.173,0.0705,0.105,7,2044,False,False
0.625,0.49,0.11,1.136,0.5265,0.1915,0.2925,9,2997,False,False
0.385,0.31,0.1,0.2845,0.1065,0.075,0.1,11,322,False,True
0.615,0.475,0.17,1.1825,0.474,0.2895,0.24,11,2470,False,True
0.37,0.275,0.095,0.257,0.1015,0.055,0.0825,6,3635,True,False
0.445,0.325,0.1,0.378,0.1795,0.1,0.089,7,834,True,False
0.515,0.425,0.135,0.712,0.2665,0.1605,0.25,11,279,False,False
0.43,0.33,0.095,0.32,0.118,0.065,0.123,7,3749,True,False
0.255,0.18,0.055,0.083,0.031,0.0215,0.02,4,896,True,False
0.42,0.325,0.1,0.368,0.1675,0.0625,0.1135,11,1839,True,False
0.22,0.16,0.05,0.049,0.0215,0.01,0.015,4,2626,True,False
0.345,0.27,0.095,0.197,0.0665,0.05,0.07,9,767,False,True
0.415,0.31,0.11,0.2965,0.123,0.057,0.0995,10,458,True,False
0.465,0.39,0.11,0.6355,0.1815,0.157,0.225,13,3951,False,False
0.63,0.525,0.195,1.3135,0.4935,0.2565,0.465,10,2796,False,True
0.33,0.215,0.075,0.1145,0.045,0.0265,0.035,6,646,False,True
0.425,0.33,0.08,0.361,0.134,0.0825,0.125,7,2097,False,True
0.56,0.435,0.185,1.106,0.422,0.2435,0.33,15,2236,False,False
0.58,0.455,0.165,1.1365,0.369,0.3005,0.275,13,753,False,False
0.46,0.34,0.1,0.386,0.1805,0.0875,0.0965,8,3815,True,False
0.635,0.51,0.17,1.3555,0.619,0.305,0.39,9,876,False,True
0.325,0.23,0.09,0.147,0.06,0.034,0.045,4,518,False,True
0.505,0.4,0.125,0.583,0.246,0.13,0.175,7,59,False,False
0.615,0.475,0.155,1.115,0.484,0.2115,0.355,10,1375,False,False
0.235,0.16,0.06,0.0545,0.0265,0.0095,0.015,4,524,False,True
0.515,0.4,0.14,0.6335,0.288,0.145,0.168,9,2020,False,True
0.555,0.445,0.175,1.1465,0.551,0.244,0.2785,8,2766,False,False
0.325,0.24,0.075,0.187,0.0825,0.0445,0.05,6,906,True,False
0.305,0.225,0.09,0.1465,0.063,0.034,0.0415,6,1535,True,False
0.405,0.25,0.09,0.2875,0.128,0.063,0.0805,7,2006,True,False
0.425,0.335,0.095,0.322,0.1205,0.061,0.125,10,626,False,False
0.59,0.475,0.155,0.857,0.356,0.174,0.28,13,2225,False,True
0.35,0.255,0.09,0.1785,0.0855,0.0305,0.0525,8,1227,True,False
0.55,0.465,0.15,0.936,0.481,0.174,0.2435,9,2764,True,False
0.565,0.415,0.125,0.667,0.302,0.1545,0.185,7,1889,False,True
0.435,0.335,0.105,0.3535,0.156,0.05,0.1135,7,3016,True,False
0.56,0.45,0.155,0.9125,0.3595,0.271,0.35,10,3169,False,True
0.515,0.39,0.155,0.7125,0.3695,0.137,0.155,7,971,False,True
0.45,0.355,0.12,0.412,0.1145,0.0665,0.16,19,664,True,False
0.535,0.415,0.17,0.879,0.295,0.1965,0.285,10,285,False,False
0.535,0.385,0.18,1.0835,0.4955,0.2295,0.304,8,1786,True,False
0.655,0.515,0.17,1.527,0.8485,0.2635,0.331,11,2856,False,False
0.7,0.555,0.2,1.858,0.73,0.3665,0.595,11,1525,False,True
0.565,0.46,0.15,0.8765,0.3455,0.1925,0.275,10,3898,False,False
0.675,0.51,0.15,1.1965,0.475,0.304,0.386,11,4101,False,False
0.435,0.34,0.11,0.3795,0.1495,0.085,0.12,8,207,True,False
0.535,0.435,0.15,0.725,0.269,0.1385,0.25,9,96,False,True
0.27,0.19,0.06,0.099,0.0445,0.017,0.03,5,3964,True,False
0.485,0.375,0.125,0.562,0.2505,0.1345,0.1525,8,4002,True,False
0.465,0.37,0.11,0.445,0.1635,0.096,0.166,7,1846,True,False
0.625,0.49,0.155,1.115,0.484,0.277,0.3095,9,2684,False,False
0.555,0.43,0.155,0.7395,0.3135,0.1435,0.28,10,1317,True,False
0.56,0.44,0.14,0.9285,0.3825,0.188,0.3,11,25,False,False
0.74,0.6,0.195,1.974,0.598,0.4085,0.71,16,334,False,False
0.57,0.45,0.155,1.195,0.5625,0.2565,0.295,10,984,False,True
0.71,0.57,0.195,1.9805,0.9925,0.4925,0.48,12,1750,False,False
0.63,0.49,0.165,1.2005,0.575,0.273,0.294,10,2849,False,True
0.535,0.42,0.125,0.764,0.312,0.1505,0.265,11,3136,False,True
0.685,0.545,0.205,1.7925,0.8145,0.416,0.461,9,1414,False,True
0.5,0.385,0.135,0.551,0.2245,0.0715,0.206,11,3181,False,True
0.62,0.48,0.15,1.266,0.6285,0.2575,0.309,12,1686,False,True
0.285,0.21,0.07,0.109,0.044,0.0265,0.033,5,2502,True,False
0.575,0.45,0.155,0.948,0.429,0.206,0.259,7,2589,False,True
0.635,0.485,0.165,1.2945,0.668,0.2605,0.2715,9,878,False,False
0.53,0.43,0.14,0.677,0.298,0.0965,0.23,8,1870,True,False
0.625,0.49,0.165,1.205,0.5175,0.3105,0.3465,10,2792,False,True
0.495,0.4,0.155,0.6445,0.242,0.1325,0.205,17,287,False,False
0.395,0.29,0.095,0.319,0.138,0.08,0.082,7,825,True,False
0.655,0.545,0.185,1.759,0.6865,0.313,0.547,11,3987,False,False
0.68,0.58,0.2,1.787,0.585,0.453,0.6,19,372,False,False
0.37,0.295,0.1,0.2685,0.1165,0.056,0.0835,7,3180,False,False
0.65,0.545,0.165,1.566,0.6645,0.3455,0.415,16,370,False,False
0.55,0.47,0.15,0.897,0.377,0.184,0.29,9,2163,False,False
0.37,0.28,0.095,0.2225,0.0805,0.051,0.075,7,2229,False,True
0.66,0.515,0.195,1.5655,0.7345,0.353,0.386,9,2035,False,True
0.705,0.56,0.205,2.381,0.9915,0.5005,0.624,10,2623,False,False
0.555,0.435,0.145,0.9685,0.4985,0.168,0.2385,9,851,False,True
0.425,0.325,0.135,0.382,0.1465,0.079,0.14,12,3335,False,False
0.59,0.485,0.12,0.911,0.39,0.182,0.29,16,407,False,True
0.46,0.355,0.11,0.4255,0.2015,0.081,0.13,7,1565,True,False
0.66,0.525,0.19,1.67,0.6525,0.4875,0.49,11,3301,False,False
0.38,0.285,0.085,0.237,0.115,0.0405,0.07,6,2556,True,False
0.525,0.43,0.165,0.717,0.289,0.1745,0.195,10,3866,False,False
0.405,0.31,0.12,0.3095,0.138,0.058,0.095,13,589,False,False
0.52,0.4,0.12,0.58,0.234,0.1315,0.185,8,64,False,True
0.695,0.535,0.175,1.361,0.5465,0.2815,0.465,10,3798,False,False
0.485,0.375,0.14,0.521,0.2,0.123,0.17,8,771,True,False
0.58,0.445,0.16,0.984,0.49,0.201,0.27,9,2836,False,True
0.75,0.55,0.195,1.8325,0.83,0.366,0.44,11,1984,False,False
0.515,0.395,0.135,0.516,0.2015,0.132,0.162,9,2751,False,False
0.6,0.475,0.23,1.157,0.522,0.2235,0.36,11,3577,False,True
0.645,0.515,0.185,1.4605,0.5835,0.3155,0.41,19,3392,False,True
0.61,0.5,0.18,1.438,0.5185,0.3735,0.3345,9,3958,False,False
0.575,0.46,0.15,0.927,0.333,0.207,0.2985,9,3773,False,False
0.475,0.365,0.1,0.1315,0.2025,0.0875,0.123,7,2641,True,False
0.415,0.305,0.12,0.336,0.165,0.076,0.0805,7,2046,True,False
0.535,0.4,0.15,1.224,0.618,0.275,0.2875,10,2984,False,False
0.665,0.515,0.185,1.3405,0.5595,0.293,0.4375,11,1815,False,False
0.57,0.465,0.155,0.872,0.3245,0.239,0.285,14,3170,False,False
0.61,0.485,0.15,1.2405,0.6025,0.2915,0.3085,12,1670,False,False
0.455,0.355,1.13,0.594,0.332,0.116,0.1335,8,2051,False,False
0.39,0.31,0.085,0.344,0.181,0.0695,0.079,7,4163,True,False
0.43,0.315,0.095,0.378,0.175,0.08,0.1045,8,1258,True,False
0.69,0.54,0.185,1.71,0.7725,0.3855,0.4325,8,2619,False,True
0.515,0.4,0.125,0.615,0.2865,0.123,0.1765,8,4168,False,False
0.43,0.335,0.12,0.444,0.155,0.1145,0.14,13,698,False,False
0.64,0.5,0.17,1.5175,0.693,0.326,0.409,11,1022,False,False
0.67,0.52,0.195,1.8065,0.758,0.3735,0.5055,11,3989,False,False
0.59,0.465,0.15,1.151,0.613,0.239,0.2515,9,1484,False,False
0.55,0.435,0.145,0.843,0.328,0.1915,0.255,15,101,False,True
0.45,0.34,0.13,0.3715,0.1605,0.0795,0.105,9,644,False,True
0.395,0.3,0.09,0.279,0.134,0.049,0.075,8,3437,True,False
0.68,0.55,0.21,1.7445,0.5975,0.305,0.625,17,468,False,False
0.635,0.525,0.205,1.484,0.55,0.3115,0.43,20,278,False,True
0.595,0.48,0.16,1.2095,0.5225,0.296,0.32,8,859,False,False
0.54,0.415,0.175,0.8975,0.275,0.241,0.275,14,2483,False,False
0.54,0.42,0.14,0.805,0.369,0.1725,0.21,11,846,False,False
0.56,0.435,0.135,0.72,0.329,0.103,0.251,11,2768,True,False
0.345,0.255,0.08,0.169,0.06,0.0425,0.054,10,620,False,True
0.6,0.465,0.155,1.04,0.4755,0.25,0.28,11,1355,False,False
0.405,0.3,0.09,0.2885,0.138,0.0635,0.0765,6,2730,True,False
0.645,0.5,0.175,1.5105,0.6735,0.3755,0.3775,12,2615,False,True
0.395,0.28,0.08,0.266,0.0995,0.066,0.09,12,3923,False,True
0.485,0.365,0.12,0.5885,0.27,0.131,0.175,9,400,False,False
0.51,0.395,0.13,0.6025,0.281,0.143,0.162,7,1583,True,False
0.61,0.48,0.165,1.244,0.6345,0.257,0.305,12,1364,False,True
0.57,0.43,0.16,0.811,0.3875,0.159,0.2285,9,2664,False,False
0.615,0.46,0.17,1.0565,0.4815,0.272,0.27,10,1164,False,True
0.465,0.35,0.11,0.4085,0.165,0.102,0.131,8,2878,False,False
0.37,0.28,0.095,0.2865,0.1505,0.069,0.0795,7,914,True,False
0.235,0.18,0.06,0.058,0.022,0.0145,0.018,6,3933,True,False
0.46,0.35,0.115,0.4155,0.18,0.098,0.1175,7,1092,True,False
0.63,0.515,0.16,1.016,0.4215,0.244,0.355,19,365,False,True
0.485,0.41,0.15,0.696,0.2405,0.1625,0.265,13,3232,False,True
0.6,0.485,0.175,1.2675,0.4995,0.2815,0.38,13,2251,False,True
0.4,0.29,0.115,0.2795,0.1115,0.0575,0.075,9,516,False,True
0.64,0.505,0.165,1.4435,0.6145,0.3035,0.39,18,3259,False,True
0.255,0.185,0.07,0.075,0.028,0.018,0.025,6,2342,True,False
0.645,0.5,0.225,1.626,0.587,0.4055,0.41,15,3877,False,False
0.6,0.45,0.16,1.142,0.539,0.225,0.307,10,2843,False,True
0.65,0.5,0.14,1.238,0.6165,0.2355,0.32,8,2081,False,True
0.565,0.455,0.185,0.9265,0.354,0.1575,0.375,16,447,False,True
0.44,0.34,0.105,0.402,0.1305,0.0955,0.165,10,117,False,True
0.58,0.46,0.185,1.017,0.3515,0.2,0.32,10,2406,False,False
0.585,0.475,0.16,1.0505,0.48,0.234,0.285,10,1342,True,False
0.625,0.495,0.18,1.0815,0.4715,0.254,0.3135,10,3505,False,True
0.535,0.4,0.13,0.657,0.2835,0.162,0.175,7,1600,True,False
0.58,0.44,0.175,1.073,0.4005,0.2345,0.335,19,3360,False,False
0.455,0.345,0.125,0.44,0.169,0.1065,0.135,12,3370,False,True
0.66,0.495,0.195,1.6275,0.594,0.3595,0.485,10,1038,False,True
0.55,0.425,0.145,0.797,0.297,0.15,0.265,9,2224,False,False
0.63,0.47,0.15,1.1355,0.539,0.2325,0.3115,12,2795,False,True
0.665,0.51,0.175,1.3805,0.675,0.2985,0.325,10,2961,False,False
0.58,0.42,0.16,0.728,0.2725,0.19,0.19,14,3926,True,False
0.495,0.38,0.12,0.573,0.2655,0.1285,0.144,7,1462,False,False
0.32,0.215,0.095,0.305,0.14,0.067,0.0885,6,2975,True,False
0.455,0.35,0.135,0.5365,0.2855,0.0855,0.1325,7,4000,True,False
0.645,0.48,0.15,1.192,0.6055,0.2595,0.285,9,2690,False,True
0.615,0.465,0.15,0.923,0.4615,0.1825,0.2415,9,1165,False,False
0.64,0.48,0.145,1.1145,0.508,0.24,0.34,10,1950,False,False
0.635,0.525,0.16,1.195,0.5435,0.246,0.335,12,1946,False,True
0.675,0.535,0.16,1.41,0.592,0.3175,0.42,16,451,False,False
0.6,0.475,0.175,1.11,0.5105,0.256,0.285,9,2842,False,True
0.215,0.15,0.055,0.041,0.015,0.009,0.0125,3,3521,True,False
0.675,0.525,0.17,1.711,0.8365,0.352,0.475,9,2806,False,False
0.34,0.25,0.09,0.179,0.0775,0.033,0.055,6,1223,True,False
0.515,0.395,0.125,0.556,0.2695,0.096,0.17,8,1465,True,False
0.41,0.325,0.1,0.394,0.208,0.0655,0.106,6,828,True,False
0.605,0.485,0.16,1.0565,0.37,0.2355,0.355,10,153,False,False
0.55,0.38,0.165,1.205,0.543,0.294,0.3345,10,1790,False,False
0.625,0.48,0.18,1.223,0.565,0.2975,0.3375,10,3736,False,True
0.665,0.52,0.165,1.6885,0.7295,0.407,0.4265,11,3468,False,False
0.57,0.45,0.145,0.751,0.2825,0.2195,0.2215,10,1328,True,False
0.605,0.47,0.18,1.1155,0.479,0.2565,0.321,10,1921,False,True
0.5,0.4,0.145,0.6025,0.216,0.138,0.21,11,3220,False,True
0.615,0.525,0.155,1.0385,0.427,0.2315,0.345,11,498,False,False
0.48,0.335,0.125,0.524,0.246,0.1095,0.145,7,4070,True,False
0.63,0.475,0.175,1.423,0.4155,0.3385,0.49,14,3861,False,False
0.64,0.585,0.195,1.647,0.7225,0.331,0.471,12,2534,False,True
0.535,0.42,0.145,0.791,0.33,0.189,0.25,10,381,False,True
0.51,0.385,0.135,0.632,0.282,0.145,0.17,8,3187,False,False
0.605,0.475,0.175,1.076,0.463,0.2195,0.335,9,1361,False,False
0.505,0.365,0.115,0.521,0.25,0.096,0.15,8,2886,False,True
0.67,0.55,0.155,1.566,0.858,0.339,0.354,10,1737,False,False
0.72,0.55,0.195,2.073,1.0715,0.4265,0.5015,9,1821,False,False
0.41,0.305,0.1,0.363,0.1735,0.065,0.11,11,584,False,False
0.635,0.505,0.155,1.2895,0.594,0.314,0.345,11,1945,False,False
0.225,0.16,0.045,0.0465,0.025,0.015,0.015,4,178,True,False
0.475,0.35,0.12,0.4905,0.2035,0.13,0.135,7,3977,True,False
0.57,0.435,0.14,0.8085,0.3235,0.183,0.22,16,3304,False,False
0.47,0.355,0.12,0.393,0.167,0.0885,0.115,8,1271,True,False
0.645,0.52,0.18,1.285,0.5775,0.352,0.317,9,2691,False,False
0.585,0.45,0.18,0.7995,0.336,0.1855,0.237,8,1346,False,True
0.66,0.53,0.18,1.5175,0.7765,0.302,0.401,10,3072,False,False
0.62,0.485,0.17,1.208,0.4805,0.3045,0.33,15,2408,True,False
0.385,0.275,0.115,0.2685,0.0975,0.0825,0.085,8,772,False,True
0.565,0.39,0.125,0.744,0.352,0.13,0.1685,11,1327,False,True
0.46,0.36,0.14,0.447,0.161,0.087,0.16,9,2877,True,False
0.44,0.34,0.14,0.482,0.186,0.1085,0.16,9,205,False,False
0.645,0.505,0.15,1.1605,0.519,0.2615,0.335,10,1706,False,True
0.565,0.44,0.15,0.863,0.435,0.149,0.27,9,1623,False,False
0.49,0.375,0.15,0.5755,0.22,0.144,0.19,9,222,False,False
0.61,0.47,0.165,1.1785,0.566,0.2785,0.294,11,1925,False,False
0.685,0.54,0.16,1.6675,0.833,0.3775,0.475,11,889,False,False
0.565,0.435,0.155,0.782,0.2715,0.168,0.285,14,2426,True,False
0.545,0.43,0.155,0.8035,0.409,0.144,0.228,7,3608,False,True
0.63,0.49,0.17,1.1745,0.5255,0.273,0.339,11,1696,False,True
0.59,0.46,0.14,1.004,0.496,0.2165,0.26,9,2670,False,True
0.54,0.385,0.14,0.7655,0.3265,0.116,0.2365,10,2066,False,False
0.51,0.39,0.135,0.6335,0.231,0.179,0.2,9,108,False,False
0.57,0.44,0.125,0.865,0.3675,0.1725,0.27,12,261,False,False
0.65,0.51,0.16,1.3835,0.6385,0.2905,0.3665,9,1720,False,True
0.475,0.355,0.12,0.48,0.234,0.1015,0.135,8,65,False,True
0.37,0.265,0.075,0.214,0.09,0.051,0.07,6,123,False,True
0.475,0.38,0.145,0.57,0.167,0.118,0.187,11,2492,False,False
0.515,0.4,0.125,0.5925,0.265,0.1175,0.168,9,2652,True,False
0.485,0.39,0.135,0.617,0.25,0.1345,0.1635,8,2058,False,True
0.51,0.4,0.145,0.5775,0.231,0.143,0.177,9,2887,True,False
0.295,0.225,0.08,0.124,0.0485,0.032,0.04,9,235,True,False
0.49,0.38,0.12,0.529,0.2165,0.139,0.155,11,421,True,False
0.585,0.455,0.165,0.998,0.345,0.2495,0.315,12,2249,False,False
0.59,0.46,0.145,0.929,0.38,0.24,0.255,10,3498,False,True
0.67,0.585,0.16,1.309,0.5445,0.2945,0.413,10,885,False,False
0.36,0.265,0.075,0.1845,0.083,0.0365,0.055,7,1542,True,False
0.58,0.45,0.195,0.8265,0.4035,0.173,0.225,9,1909,False,False
0.565,0.45,0.175,1.2365,0.5305,0.2455,0.308,10,3559,False,False
0.595,0.465,0.155,1.026,0.4645,0.112,0.305,12,1351,False,False
0.48,0.38,0.135,0.507,0.1915,0.1365,0.155,12,3311,False,False
0.655,0.54,0.215,1.844,0.7425,0.327,0.585,22,275,False,True
0.69,0.56,0.215,1.719,0.68,0.299,0.47,17,369,False,False
0.615,0.475,0.155,1.004,0.4475,0.193,0.2895,10,1369,False,False
0.54,0.42,0.14,0.6665,0.3125,0.138,0.1895,10,1119,True,False
0.515,0.405,0.12,0.646,0.2895,0.1405,0.177,10,471,False,False
0.725,0.53,0.19,1.7315,0.83,0.398,0.405,11,2706,False,False
0.625,0.485,0.17,1.437,0.5855,0.293,0.475,11,3463,False,True
0.5,0.4,0.13,0.6645,0.258,0.133,0.24,12,15,False,True
0.615,0.47,0.175,1.242,0.5675,0.287,0.317,11,3681,False,True
0.615,0.495,0.2,1.304,0.5795,0.3115,0.371,14,3616,False,True
0.415,0.315,0.105,0.33,0.1405,0.0705,0.095,6,2508,True,False
0.63,0.49,0.155,1.229,0.535,0.29,0.335,11,4138,False,True
0.65,0.495,0.16,1.304,0.57,0.312,0.3725,9,1031,False,True
0.235,0.175,0.065,0.0615,0.0205,0.02,0.019,6,3945,True,False
0.52,0.435,0.195,0.973,0.2985,0.2135,0.355,18,3222,False,True
0.2,0.145,0.05,0.036,0.0125,0.008,0.011,4,2458,True,False
0.52,0.385,0.165,0.791,0.375,0.18,0.1815,10,4169,False,True
0.57,0.45,0.15,0.9645,0.531,0.189,0.209,9,4114,False,False
0.47,0.355,0.18,0.48,0.2055,0.105,0.1505,8,1270,True,False
0.425,0.315,0.08,0.303,0.131,0.0585,0.095,7,1558,True,False
0.6,0.48,0.155,1.014,0.451,0.1885,0.325,11,1353,False,True
0.645,0.485,0.15,1.2215,0.5695,0.2735,0.33,9,1715,False,True
0.6,0.475,0.18,1.1805,0.4345,0.2475,0.425,19,2277,False,False
0.13,0.095,0.035,0.0105,0.005,0.0065,0.0035,4,2114,True,False
0.255,0.185,0.065,0.074,0.0305,0.0165,0.02,4,3009,True,False
0.725,0.55,0.22,2.0495,0.7735,0.4405,0.655,10,3928,True,False
0.57,0.445,0.145,0.8775,0.412,0.217,0.22,8,1134,False,False
0.69,0.505,0.2,1.872,0.893,0.4015,0.48,10,1045,False,True
0.515,0.405,0.13,0.573,0.213,0.134,0.195,9,3649,True,False
0.575,0.455,0.165,0.867,0.3765,0.1805,0.268,8,1632,False,True
0.45,0.355,0.11,0.4585,0.194,0.067,0.14,8,315,True,False
0.275,0.175,0.09,0.2315,0.096,0.057,0.0705,5,1764,True,False
0.565,0.455,0.175,1.013,0.342,0.207,0.35,19,293,False,False
0.48,0.37,0.12,0.514,0.2075,0.131,0.155,13,553,True,False
0.4,0.29,0.11,0.329,0.188,0.0455,0.0825,6,1437,True,False
0.535,0.43,0.14,0.7165,0.2855,0.1595,0.2155,8,978,False,True
0.67,0.505,0.175,1.0145,0.4375,0.271,0.3745,10,1412,False,False
0.565,0.45,0.14,1.0055,0.3785,0.244,0.265,12,3210,False,True
0.56,0.435,0.125,0.8775,0.3345,0.2145,0.29,13,3260,False,False
0.52,0.425,0.125,0.79,0.372,0.205,0.19,8,3839,False,True
0.55,0.45,0.13,0.92,0.378,0.2385,0.29,11,486,False,True
0.36,0.25,0.115,0.465,0.21,0.1055,0.128,7,3718,True,False
0.58,0.45,0.235,1.071,0.3,0.206,0.395,14,2177,False,False
0.595,0.47,0.165,1.108,0.4915,0.2325,0.3345,9,2673,False,True
0.355,0.26,0.09,0.1985,0.0715,0.0495,0.058,7,1539,True,False
0.565,0.42,0.155,0.743,0.31,0.186,0.231,9,1622,True,False
0.585,0.475,0.185,0.8575,0.3465,0.1785,0.275,12,3339,False,False
0.505,0.355,0.125,0.601,0.25,0.1205,0.185,8,964,True,False
0.26,0.205,0.07,0.097,0.0415,0.019,0.0305,4,3523,True,False
0.455,0.335,0.105,0.4055,0.175,0.092,0.1185,8,4069,True,False
0.4,0.31,0.1,0.306,0.13,0.06,0.094,6,827,True,False
0.62,0.475,0.16,1.3245,0.6865,0.233,0.3275,9,2605,False,False
0.34,0.255,0.095,0.213,0.081,0.034,0.07,9,2429,False,True
0.605,0.495,0.17,1.2385,0.528,0.2465,0.39,14,414,False,False
0.505,0.41,0.125,0.642,0.289,0.133,0.155,9,963,False,True
0.5,0.405,0.155,0.772,0.346,0.1535,0.245,12,195,False,True
0.675,0.51,0.185,1.473,0.6295,0.3025,0.4245,11,1971,False,False
0.61,0.495,0.175,1.2635,0.53,0.315,0.3455,10,3457,False,False
0.74,0.57,0.18,1.8725,0.9115,0.427,0.446,10,1529,False,True
0.54,0.39,0.125,0.6255,0.2525,0.158,0.19,8,1877,True,False
0.3,0.22,0.08,0.121,0.0475,0.042,0.035,5,332,True,False
0.53,0.44,0.205,0.835,0.32,0.2175,0.245,14,740,False,True
0.75,0.57,0.21,2.236,1.109,0.5195,0.545,11,1206,False,False
0.57,0.44,0.145,0.8815,0.3605,0.1955,0.2735,10,3820,False,True
0.48,0.38,0.145,0.59,0.232,0.141,0.23,12,3345,False,False
0.37,0.28,0.1,0.221,0.1165,0.0265,0.0635,6,1068,True,False
0.435,0.325,0.115,0.3915,0.154,0.094,0.12,7,682,False,False
0.55,0.45,0.15,0.875,0.362,0.1755,0.2765,10,850,False,False
0.515,0.395,0.165,0.7565,0.1905,0.17,0.3205,10,2491,False,False
0.715,0.55,0.175,1.825,0.938,0.3805,0.44,11,2971,False,True
0.53,0.395,0.125,0.6235,0.2975,0.108,0.195,11,3656,True,False
0.61,0.48,0.17,1.137,0.4565,0.29,0.347,10,1367,False,True
0.34,0.26,0.08,0.2,0.08,0.0555,0.055,6,347,True,False
0.72,0.575,0.17,1.9335,0.913,0.389,0.51,13,1421,False,False
0.45,0.33,0.105,0.4955,0.2575,0.082,0.129,8,2011,False,True
0.67,0.525,0.18,1.6615,0.8005,0.3645,0.43,10,3514,False,True
0.525,0.385,0.13,0.607,0.2355,0.125,0.195,8,2754,True,False
0.595,0.47,0.175,0.991,0.382,0.2395,0.5,12,3050,False,True
0.435,0.32,0.08,0.3325,0.1485,0.0635,0.105,9,112,True,False
0.575,0.485,0.165,1.0405,0.419,0.264,0.3,14,2192,False,False
0.33,0.25,0.105,0.1715,0.0655,0.035,0.06,7,250,True,False
0.53,0.41,0.145,0.8255,0.375,0.204,0.245,9,3840,False,False
0.595,0.495,0.235,1.366,0.5065,0.219,0.52,13,2212,False,False
0.405,0.305,0.105,0.3625,0.1565,0.0705,0.125,10,2197,True,False
0.47,0.36,0.12,0.4775,0.2105,0.1055,0.15,10,53,False,False
0.45,0.38,0.165,0.8165,0.25,0.1915,0.265,23,678,False,False
0.555,0.44,0.145,0.8815,0.43,0.1975,0.2155,8,3452,False,False
0.66,0.515,0.155,1.4415,0.7055,0.3555,0.335,10,4019,False,True
0.59,0.45,0.16,0.893,0.2745,0.2185,0.345,14,2264,True,False
0.38,0.3,0.1,0.2505,0.106,0.0535,0.0775,8,3178,False,True
0.62,0.475,0.15,0.9545,0.455,0.1865,0.277,9,2934,False,False
0.465,0.325,0.14,0.7615,0.362,0.1535,0.209,10,1773,True,False
0.6,0.46,0.15,1.247,0.5335,0.2735,0.29,9,2598,False,True
0.5,0.37,0.135,0.45,0.1715,0.1055,0.155,9,225,False,False
0.53,0.395,0.145,0.775,0.308,0.169,0.255,7,171,False,False
0.4,0.3,0.115,0.3025,0.1335,0.0465,0.0935,8,2152,False,False
0.33,0.25,0.09,0.197,0.085,0.041,0.0605,10,2392,False,True
0.56,0.425,0.14,0.9175,0.4005,0.1975,0.26,10,576,True,False
0.575,0.465,0.12,1.0535,0.516,0.2185,0.235,9,3772,False,True
0.44,0.325,0.1,0.4165,0.185,0.0865,0.11,6,2562,True,False
0.365,0.27,0.085,0.197,0.0815,0.0325,0.065,6,1829,True,False
0.515,0.405,0.14,0.8505,0.312,0.146,0.315,17,2463,False,True
0.59,0.45,0.145,1.022,0.428,0.268,0.265,10,1649,True,False
0.505,0.38,0.145,0.651,0.2935,0.19,0.17,12,2413,False,False
0.53,0.41,0.155,0.7155,0.2805,0.1685,0.214,11,796,False,True
0.35,0.26,0.095,0.211,0.086,0.056,0.068,7,133,True,False
0.585,0.465,0.15,0.98,0.4315,0.2545,0.247,9,4006,False,True
0.4,0.3,0.09,0.2815,0.1185,0.061,0.08,7,1438,True,False
0.625,0.48,0.16,1.1415,0.5795,0.2145,0.29,9,3581,False,True
0.325,0.25,0.055,0.166,0.076,0.051,0.045,5,2110,True,False
0.59,0.405,0.15,0.853,0.326,0.2615,0.245,9,3049,False,True
0.55,0.435,0.165,0.804,0.34,0.194,0.244,8,2898,True,False
0.52,0.41,0.14,0.6625,0.2775,0.1555,0.196,11,3029,True,False
0.625,0.49,0.175,1.233,0.5565,0.247,0.365,11,580,False,False
0.485,0.38,0.12,0.4725,0.2075,0.1075,0.147,6,1459,True,False
0.765,0.585,0.18,2.398,1.128,0.512,0.5335,12,2624,False,True
0.505,0.39,0.185,0.6125,0.267,0.142,0.172,7,2519,True,False
0.47,0.38,0.125,0.4845,0.211,0.1075,0.142,6,1094,True,False
0.71,0.54,0.165,1.959,0.7665,0.261,0.78,18,129,False,True
0.43,0.315,0.115,0.384,0.1885,0.0715,0.11,8,4153,True,False
0.575,0.47,0.155,1.116,0.509,0.238,0.34,10,1634,False,False
0.465,0.35,0.115,0.421,0.1565,0.091,0.1345,9,476,False,False
0.42,0.32,0.115,0.409,0.2055,0.0935,0.105,8,3974,True,False
0.465,0.36,0.105,0.488,0.188,0.0845,0.19,10,3137,False,True
0.58,0.475,0.165,1.0385,0.414,0.26,0.305,13,3282,False,False
0.645,0.52,0.21,1.5535,0.616,0.3655,0.474,16,1957,False,False
0.54,0.405,0.15,0.7585,0.307,0.2075,0.19,10,3363,True,False
0.46,0.345,0.11,0.3755,0.1525,0.058,0.125,7,2638,True,False
0.645,0.515,0.15,1.212,0.515,0.2055,0.385,10,1030,False,False
0.18,0.13,0.045,0.0275,0.0125,0.01,0.009,3,2115,True,False
0.58,0.46,0.14,0.9265,0.4135,0.1845,0.27,10,3567,True,False
0.475,0.355,0.125,0.4625,0.186,0.107,0.145,9,2442,False,True
0.655,0.515,0.16,1.31,0.553,0.369,0.345,11,1180,False,True
0.53,0.425,0.13,0.702,0.2975,0.1395,0.22,9,3760,False,True
0.555,0.44,0.15,0.838,0.4155,0.146,0.23,8,3493,False,True
0.485,0.365,0.125,0.426,0.163,0.0965,0.151,8,3647,True,False
0.58,0.445,0.15,0.8865,0.383,0.209,0.255,11,578,True,False
0.37,0.29,0.08,0.2545,0.108,0.0565,0.07,6,2555,True,False
0.695,0.515,0.175,1.5165,0.578,0.4105,0.39,15,749,False,True
0.365,0.27,0.09,0.2155,0.1005,0.049,0.0655,6,4027,True,False
0.46,0.355,0.14,0.4935,0.216,0.133,0.115,13,583,True,False
0.435,0.35,0.11,0.384,0.143,0.1005,0.125,13,2310,False,False
0.56,0.45,0.145,0.9355,0.425,0.1645,0.2725,11,4081,False,True
0.58,0.455,0.135,0.7955,0.405,0.167,0.204,10,1338,False,True
0.65,0.52,0.17,1.3655,0.6155,0.2885,0.36,11,3692,False,True
0.65,0.525,0.185,1.622,0.6645,0.3225,0.477,10,1033,False,True
0.51,0.4,0.125,0.545,0.261,0.115,0.1385,6,1105,False,False
0.42,0.31,0.095,0.279,0.1255,0.051,0.088,6,1078,True,False
0.45,0.35,0.13,0.4655,0.2075,0.1045,0.135,8,2050,False,True
0.58,0.46,0.12,0.9935,0.4625,0.2385,0.28,11,412,False,False
0.415,0.325,0.1,0.3215,0.1535,0.0595,0.105,10,390,True,False
0.675,0.555,0.205,1.925,0.713,0.358,0.4535,13,2539,False,False
0.44,0.35,0.125,0.456,0.21,0.0955,0.131,8,3439,True,False
0.77,0.62,0.195,2.5155,1.1155,0.6415,0.642,12,1762,False,True
0.475,0.375,0.14,0.501,0.192,0.1175,0.175,13,3273,False,False
0.495,0.355,0.12,0.4965,0.214,0.1045,0.1495,8,1278,True,False
0.595,0.46,0.14,1.0045,0.4655,0.2095,0.2515,9,1002,False,False
0.62,0.485,0.165,1.166,0.483,0.238,0.355,13,3310,False,False
0.565,0.43,0.15,0.831,0.4245,0.1735,0.219,10,1625,False,True
0.585,0.455,0.13,0.8755,0.411,0.2065,0.225,8,2778,False,False
0.625,0.5,0.15,0.953,0.3445,0.2235,0.305,15,495,False,False
0.44,0.365,0.125,0.516,0.2155,0.114,0.155,10,3,False,True
0.7,0.555,0.22,1.666,0.647,0.4285,0.455,11,3079,False,False
0.47,0.355,0.13,0.5465,0.2005,0.126,0.185,14,564,False,False
0.635,0.48,0.19,1.467,0.5825,0.303,0.42,15,3242,False,True
0.475,0.38,0.135,0.486,0.1735,0.07,0.185,7,2242,False,False
0.43,0.325,0.105,0.309,0.119,0.08,0.098,6,3537,True,False
0.49,0.38,0.145,0.6725,0.249,0.181,0.21,10,512,False,False
0.525,0.375,0.12,0.6315,0.3045,0.114,0.19,9,2757,True,False
0.515,0.4,0.135,0.636,0.3055,0.1215,0.1855,9,3551,True,False
0.585,0.475,0.15,1.065,0.5315,0.199,0.2885,10,1345,False,True
0.43,0.34,0.11,0.382,0.154,0.0955,0.109,8,2376,False,False
0.39,0.285,0.1,0.281,0.1275,0.062,0.077,7,1552,True,False
0.5,0.4,0.12,0.616,0.261,0.143,0.1935,8,1580,True,False
0.6,0.475,0.15,0.99,0.386,0.2195,0.3105,10,1917,False,True
0.75,0.555,0.215,2.201,1.0615,0.5235,0.5285,11,2710,False,True
0.325,0.24,0.07,0.152,0.0565,0.0305,0.054,8,2041,True,False
0.335,0.255,0.08,0.168,0.079,0.0355,0.05,5,1536,True,False
0.695,0.525,0.175,1.742,0.696,0.389,0.505,12,2621,False,True
0.57,0.445,0.155,0.867,0.3705,0.1705,0.28,9,1630,True,False
0.525,0.4,0.14,0.6055,0.2605,0.108,0.21,9,3758,True,False
0.455,0.375,0.12,0.497,0.2355,0.1055,0.1295,6,938,True,False
0.555,0.425,0.15,0.873,0.4625,0.1845,0.1965,9,2988,False,True
0.55,0.385,0.13,0.7275,0.343,0.1625,0.19,8,4079,False,True
0.525,0.38,0.135,0.615,0.261,0.159,0.175,8,1593,True,False
0.46,0.355,0.11,0.415,0.215,0.082,0.13,12,3275,False,True
0.475,0.365,0.12,0.5185,0.268,0.1095,0.1365,8,2015,True,False
0.295,0.23,0.085,0.125,0.042,0.0285,0.043,8,3920,False,True
0.72,0.525,0.18,1.445,0.631,0.3215,0.435,7,1755,False,False
0.62,0.495,0.17,1.062,0.372,0.213,0.34,11,1932,False,False
0.53,0.4,0.145,0.555,0.1935,0.1305,0.195,9,1598,True,False
0.395,0.315,0.105,0.3515,0.1185,0.091,0.1195,16,699,False,False
0.255,0.19,0.07,0.0815,0.028,0.016,0.031,5,3377,True,False
0.56,0.425,0.135,0.9415,0.509,0.2015,0.1975,9,2989,False,True
0.665,0.5,0.175,1.4355,0.643,0.345,0.37,9,3624,False,False
0.495,0.375,0.115,0.507,0.241,0.103,0.15,8,3026,True,False
0.21,0.15,0.05,0.0385,0.0155,0.0085,0.01,3,520,False,True
0.47,0.365,0.12,0.582,0.29,0.092,0.146,8,946,False,False
0.37,0.27,0.095,0.232,0.1325,0.041,0.0615,6,1433,True,False
0.555,0.43,0.165,0.7575,0.2735,0.1635,0.275,13,2230,False,True
0.165,0.115,0.015,0.0145,0.0055,0.003,0.005,4,2169,True,False
0.515,0.4,0.135,0.6965,0.32,0.1255,0.175,9,1292,True,False
0.53,0.43,0.13,0.7045,0.346,0.1415,0.189,9,1470,True,False
0.515,0.435,0.17,0.631,0.2765,0.111,0.216,12,2350,False,False
0.57,0.455,0.165,1.0595,0.44,0.2195,0.285,14,489,False,False
0.54,0.43,0.14,0.8195,0.3935,0.1725,0.2295,9,1603,True,False
0.545,0.45,0.16,0.8615,0.2925,0.1545,0.365,16,3876,False,True
0.7,0.575,0.2,1.7365,0.7755,0.3965,0.461,11,3516,False,False
0.275,0.2,0.065,0.092,0.0385,0.0235,0.027,5,2454,True,False
0.445,0.33,0.11,0.358,0.1525,0.067,0.1185,8,1845,True,False
0.49,0.39,0.15,0.573,0.225,0.124,0.17,21,673,False,True
0.53,0.38,0.125,0.616,0.292,0.113,0.185,8,2891,True,False
0.38,0.235,0.1,0.258,0.1055,0.054,0.08,7,636,False,True
0.62,0.5,0.18,1.3915,0.726,0.2795,0.332,11,3682,False,True
0.385,0.3,0.115,0.3435,0.1645,0.085,0.1025,6,3849,False,True
0.455,0.37,0.105,0.4925,0.216,0.1245,0.135,9,385,False,False
0.615,0.475,0.205,1.337,0.5995,0.2815,0.37,11,4090,False,True
0.45,0.335,0.14,0.4625,0.164,0.076,0.15,14,588,False,True
0.545,0.41,0.145,0.873,0.3035,0.196,0.31,18,3387,False,True
0.465,0.375,0.135,0.6,0.2225,0.129,0.23,16,2307,False,False
0.485,0.39,0.125,0.591,0.287,0.141,0.12,9,554,True,False
0.33,0.24,0.075,0.163,0.0745,0.033,0.048,6,2629,True,False
0.6,0.48,0.17,1.056,0.4575,0.2435,0.3135,10,2919,False,False
0.28,0.205,0.1,0.1165,0.0545,0.0285,0.03,5,697,False,True
0.495,0.385,0.135,0.6625,0.3005,0.1635,0.185,11,3266,False,False
0.42,0.34,0.125,0.4495,0.165,0.1125,0.144,11,2389,False,True
0.64,0.5,0.15,1.0705,0.371,0.2705,0.36,8,2409,False,False
0.31,0.225,0.075,0.155,0.065,0.037,0.0365,6,2552,True,False
0.58,0.425,0.155,0.873,0.3615,0.249,0.239,10,4044,False,False
0.5,0.38,0.155,0.5955,0.2135,0.161,0.2,12,330,False,True
0.6,0.47,0.135,0.97,0.4655,0.1955,0.264,11,1915,False,False
0.535,0.41,0.15,0.8105,0.345,0.187,0.24,11,3833,False,True
0.53,0.395,0.115,0.5685,0.249,0.1375,0.161,9,3096,False,False
0.36,0.28,0.105,0.199,0.0695,0.045,0.08,9,457,True,False
0.52,0.405,0.125,0.6435,0.2415,0.1735,0.21,12,737,False,False
0.47,0.37,0.12,0.4705,0.1845,0.1055,0.155,12,532,True,False
0.75,0.615,0.205,2.2635,0.821,0.423,0.726,12,3008,False,False
0.555,0.44,0.15,0.755,0.307,0.1525,0.26,12,91,False,True
0.615,0.49,0.155,0.9885,0.4145,0.195,0.345,13,551,True,False
0.62,0.48,0.165,1.0725,0.4815,0.235,0.312,9,1496,False,True
0.62,0.485,0.165,1.1325,0.5235,0.2505,0.2825,9,3460,False,True
0.54,0.405,0.155,0.9715,0.3225,0.194,0.29,19,3373,False,True
0.37,0.28,0.085,0.198,0.0805,0.0455,0.058,5,2869,True,False
0.37,0.285,0.1,0.228,0.0675,0.0675,0.081,10,608,False,True
0.48,0.37,0.125,0.474,0.179,0.1035,0.175,9,1572,True,False
0.53,0.425,0.13,0.7675,0.419,0.1205,0.21,9,1300,True,False
0.53,0.435,0.16,0.883,0.316,0.164,0.335,15,102,False,True
0.55,0.425,0.15,0.8315,0.411,0.1765,0.2165,10,1125,False,True
0.59,0.455,0.16,1.09,0.5,0.2215,0.292,9,2525,False,True
0.315,0.245,0.085,0.1435,0.053,0.0475,0.05,8,177,True,False
0.275,0.205,0.08,0.096,0.036,0.0185,0.03,6,2447,True,False
0.62,0.48,0.165,1.0125,0.5325,0.4365,0.324,10,2790,False,False
0.385,0.305,0.125,0.314,0.146,0.0555,0.08,10,3330,False,False
0.555,0.455,0.18,0.958,0.296,0.195,0.39,14,2223,False,False
0.59,0.45,0.155,0.874,0.369,0.2135,0.24,8,4086,False,True
0.585,0.45,0.145,0.9835,0.4845,0.242,0.22,9,3497,False,False
0.54,0.425,0.16,0.9455,0.3675,0.2005,0.295,9,1875,False,False
0.56,0.44,0.155,0.811,0.3685,0.178,0.235,11,4039,True,False
0.52,0.41,0.11,0.5185,0.2165,0.0915,0.184,8,1862,True,False
0.25,0.18,0.065,0.0685,0.0245,0.0155,0.0225,5,1059,True,False
0.49,0.365,0.13,0.6835,0.165,0.1315,0.205,21,811,False,False
0.665,0.525,0.175,1.443,0.6635,0.3845,0.353,11,1729,False,True
0.52,0.41,0.16,0.712,0.2845,0.153,0.225,10,3916,False,False
0.195,0.145,0.05,0.032,0.01,0.008,0.012,4,611,False,True
0.63,0.51,0.17,1.1885,0.4915,0.3065,0.348,7,2944,False,True
0.495,0.415,0.165,0.7485,0.264,0.134,0.285,13,2257,False,True
